"Away","Home","AwayLine","HomeLine","Date"
"Boston","Washington",350,-405,"20141208"
"Atlanta","Indiana",-105,-105,"20141208"
"Cleveland","Brooklyn",-400,346,"20141208"
"Denver","Toronto",450,-535,"20141208"
"Golden State","Minnesota",-2500,1400,"20141208"
"Utah","Sacramento",193,-215,"20141208"
"Phoenix","L.A. Clippers",297,-340,"20141208"
"Toronto","L.A. Clippers",162,-180,"20141227"
"Orlando","Charlotte",210,-235,"20141227"
"Boston","Washington",450,-535,"20141227"
"Memphis","Miami",-154,139,"20141227"
"New Orleans","Chicago",435,-515,"20141227"
"Indiana","Brooklyn",134,-148,"20141227"
"Atlanta","Milwaukee",-181,163,"20141227"
"Philadelphia","Utah",465,-555,"20141227"
"New York","Sacramento",227,-255,"20141227"
"Minnesota","Golden State",4400,-7500,"20141227"
"Charlotte","Orlando",158,-175,"20150103"
"Utah","Minnesota",108,-119,"20150103"
"Miami","Houston",252,-285,"20150103"
"Boston","Chicago",456,-543,"20150103"
"Washington","San Antonio",210,-235,"20150103"
"Memphis","Denver",110,-121,"20150103"
"Atlanta","Portland",229,-258,"20150103"
"Philadelphia","L.A. Clippers",4500,-9000,"20150103"
"Charlotte","New York",-295,260,"20150110"
"Dallas","L.A. Clippers",148,-164,"20150110"
"Indiana","Philadelphia",-280,248,"20150110"
"Boston","Toronto",671,-850,"20150110"
"Brooklyn","Detroit",200,-224,"20150110"
"Milwaukee","Chicago",232,-261,"20150110"
"Utah","Houston",587,-725,"20150110"
"San Antonio","Minnesota",-625,516,"20150110"
"Orlando","Portland",1200,-1700,"20150110"
"Toronto","Philadelphia",-1050,795,"20150123"
"Orlando","New York",-155,140,"20150123"
"Indiana","Miami",137,-152,"20150123"
"Oklahoma City","Atlanta",154,-171,"20150123"
"Charlotte","Cleveland",525,-638,"20150123"
"Chicago","Dallas",202,-226,"20150123"
"New Orleans","Minnesota",-250,222,"20150123"
"L.A. Lakers","San Antonio",1200,-2000,"20150123"
"Houston","Phoenix",120,-133,"20150123"
"Boston","Denver",239,-270,"20150123"
"Sacramento","Golden State",1450,-2450,"20150123"
"Minnesota","Oklahoma City",925,-1300,"20150126"
"Orlando","Memphis",671,-850,"20150126"
"Philadelphia","New Orleans",1400,-2500,"20150126"
"Boston","Utah",300,-343,"20150126"
"Denver","L.A. Clippers",1025,-1500,"20150126"
"Sacramento","New York",-190,171,"20150126"
"Portland","Brooklyn",-325,285,"20150126"
"Chicago","New Orleans",-128,116,"20150207"
"Brooklyn","Washington",239,-270,"20150207"
"Golden State","New York",-3000,1650,"20150207"
"Charlotte","Philadelphia",-365,318,"20150207"
"Portland","Dallas",127,-140,"20150207"
"Boston","Milwaukee",205,-230,"20150207"
"Sacramento","Utah",205,-230,"20150207"
"Philadelphia","Miami",604,-750,"20150223"
"Toronto","New Orleans",-325,285,"20150223"
"Milwaukee","Chicago",270,-307,"20150223"
"Minnesota","Houston",330,-380,"20150223"
"San Antonio","Utah",-228,204,"20150223"
"Boston","Phoenix",314,-360,"20150223"
"Brooklyn","Denver",-132,120,"20150223"
"Memphis","L.A. Clippers",144,-159,"20150223"
"Washington","Charlotte",120,-133,"20150309"
"Boston","Miami",131,-145,"20150309"
"Sacramento","Atlanta",621,-775,"20150309"
"Memphis","Chicago",-205,184,"20150309"
"New Orleans","Milwaukee",-115,104,"20150309"
"New York","Denver",461,-550,"20150309"
"Golden State","Phoenix",-230,205,"20150309"
"Minnesota","L.A. Clippers",301,-345,"20150309"
"Boston","Indiana",353,-409,"20150314"
"Sacramento","Washington",472,-565,"20150314"
"Brooklyn","Philadelphia",-265,235,"20150314"
"Milwaukee","Memphis",231,-260,"20150314"
"Detroit","Utah",318,-365,"20150314"
"New York","Golden State",2000,-8000,"20150314"
"Boston","Miami",160,-178,"20151130"
"Houston","Detroit",158,-175,"20151130"
"San Antonio","Chicago",-178,160,"20151130"
"Denver","Milwaukee",153,-170,"20151130"
"Oklahoma City","Atlanta",-143,129,"20151130"
"Golden State","Utah",-325,285,"20151130"
"Dallas","Sacramento",112,-124,"20151130"
"Portland","L.A. Clippers",289,-330,"20151130"
"L.A. Clippers","Brooklyn",-271,240,"20151212"
"Boston","Charlotte",131,-145,"20151212"
"Indiana","Detroit",102,-113,"20151212"
"L.A. Lakers","Houston",655,-825,"20151212"
"San Antonio","Atlanta",-143,129,"20151212"
"New Orleans","Chicago",280,-319,"20151212"
"Golden State","Milwaukee",-495,420,"20151212"
"Washington","Dallas",221,-248,"20151212"
"New York","Portland",143,-158,"20151212"
"Dallas","Indiana",162,-180,"20151216"
"Charlotte","Orlando",-106,-104,"20151216"
"Minnesota","New York",173,-193,"20151216"
"Miami","Brooklyn",-193,173,"20151216"
"Boston","Detroit",129,-143,"20151216"
"Philadelphia","Atlanta",1200,-1804,"20151216"
"Portland","Oklahoma City",534,-650,"20151216"
"Memphis","Chicago",163,-181,"20151216"
"Washington","San Antonio",843,-1125,"20151216"
"New Orleans","Utah",144,-160,"20151216"
"Milwaukee","L.A. Clippers",683,-868,"20151216"
"Phoenix","Golden State",715,-917,"20151216"
"Atlanta","Philadelphia",-480,408,"20160107"
"Boston","Chicago",222,-250,"20160107"
"Utah","Houston",231,-260,"20160107"
"L.A. Lakers","Sacramento",358,-415,"20160107"
"Boston","Washington",-117,106,"20160116"
"Milwaukee","Charlotte",193,-215,"20160116"
"Brooklyn","Atlanta",516,-625,"20160116"
"Portland","Philadelphia",-234,209,"20160116"
"Golden State","Detroit",-272,241,"20160116"
"New York","Memphis",181,-202,"20160116"
"L.A. Lakers","Utah",305,-350,"20160116"
"Sacramento","L.A. Clippers",153,-170,"20160116"
"Minnesota","Cleveland",998,-1400,"20160125"
"Boston","Washington",136,-150,"20160125"
"Orlando","Memphis",184,-205,"20160125"
"Miami","Chicago",250,-283,"20160125"
"Houston","New Orleans",159,-177,"20160125"
"Detroit","Utah",134,-148,"20160125"
"Atlanta","Denver",-163,147,"20160125"
"Charlotte","Sacramento",305,-350,"20160125"
"San Antonio","Golden State",182,-203,"20160125"
"Detroit","Cleveland",393,-460,"20160222"
"Indiana","Miami",111,-123,"20160222"
"Toronto","New York",-166,150,"20160222"
"Boston","Minnesota",-165,149,"20160222"
"L.A. Lakers","Milwaukee",400,-470,"20160222"
"Golden State","Atlanta",-245,218,"20160222"
"Phoenix","L.A. Clippers",1665,-3000,"20160222"
"Utah","New Orleans",102,-113,"20160305"
"Boston","Cleveland",305,-350,"20160305"
"Indiana","Washington",113,-125,"20160305"
"Detroit","New York",-280,248,"20160305"
"Brooklyn","Minnesota",397,-465,"20160305"
"Sacramento","San Antonio",611,-760,"20160305"
"Houston","Chicago",115,-127,"20160305"
"Atlanta","L.A. Clippers",191,-213,"20160305"
"Utah","Houston",256,-290,"20161119"
"Boston","Detroit",114,-126,"20161119"
"Dallas","Orlando",323,-372,"20161119"
"Miami","Washington",186,-208,"20161119"
"Charlotte","New Orleans",-123,111,"20161119"
"Phoenix","Philadelphia",-120,109,"20161119"
"Minnesota","Memphis",-105,-105,"20161119"
"Golden State","Milwaukee",-450,385,"20161119"
"Chicago","L.A. Clippers",305,-350,"20161119"
"Brooklyn","Milwaukee",326,-375,"20161203"
"Minnesota","Charlotte",201,-225,"20161203"
"Atlanta","Toronto",311,-357,"20161203"
"Boston","Philadelphia",-543,456,"20161203"
"L.A. Lakers","Memphis",116,-128,"20161203"
"Chicago","Dallas",-147,133,"20161203"
"Denver","Utah",256,-290,"20161203"
"Miami","Portland",210,-235,"20161203"
"Phoenix","Golden State",1845,-3600,"20161203"
"Sacramento","Charlotte",256,-290,"20170128"
"Detroit","Miami",-155,140,"20170128"
"Boston","Milwaukee",125,-138,"20170128"
"L.A. Clippers","Golden State",835,-1111,"20170128"
"Brooklyn","Minnesota",545,-665,"20170128"
"Denver","Phoenix",137,-152,"20170128"
"Memphis","Utah",318,-365,"20170128"
"Philadelphia","Orlando",244,-275,"20170209"
"Houston","Charlotte",-142,129,"20170209"
"Cleveland","Oklahoma City",101,-111,"20170209"
"Utah","Dallas",-130,118,"20170209"
"Boston","Portland",143,-158,"20170209"
"Washington","Indiana",-140,127,"20170216"
"Boston","Chicago",-107,-103,"20170216"
"New York","Orlando",132,-146,"20170306"
"Miami","Cleveland",439,-520,"20170306"
"Milwaukee","Philadelphia",-216,193,"20170306"
"Chicago","Detroit",211,-237,"20170306"
"Golden State","Atlanta",-222,199,"20170306"
"Indiana","Charlotte",166,-185,"20170306"
"Brooklyn","Memphis",552,-675,"20170306"
"Houston","San Antonio",145,-161,"20170306"
"New Orleans","Utah",180,-200,"20170306"
"Sacramento","Denver",498,-600,"20170306"
"Boston","L.A. Clippers",300,-343,"20170306"
"Portland","Minnesota",169,-188,"20170306"
"Miami","Orlando",-113,102,"20141122"
"Phoenix","Indiana",-133,120,"20141122"
"Toronto","Cleveland",134,-148,"20141122"
"Philadelphia","New York",604,-750,"20141122"
"Sacramento","Minnesota",-430,369,"20141122"
"Dallas","Houston",-170,153,"20141122"
"Brooklyn","San Antonio",498,-600,"20141122"
"Washington","Milwaukee",-158,143,"20141122"
"New Orleans","Utah",-133,120,"20141122"
"Philadelphia","Detroit",456,-543,"20141206"
"Phoenix","Houston",-128,116,"20141206"
"Golden State","Chicago",-130,118,"20141206"
"Minnesota","San Antonio",1075,-1600,"20141206"
"Orlando","Sacramento",218,-245,"20141206"
"New Orleans","L.A. Clippers",404,-475,"20141206"
"Houston","Orlando",-456,390,"20150114"
"San Antonio","Charlotte",-190,171,"20150114"
"New Orleans","Detroit",163,-181,"20150114"
"Philadelphia","Toronto",2424,-5000,"20150114"
"Memphis","Brooklyn",-285,252,"20150114"
"Atlanta","Boston",-212,190,"20150114"
"Washington","Chicago",209,-234,"20150114"
"Dallas","Denver",182,-203,"20150114"
"Miami","Golden State",1025,-1500,"20150114"
"L.A. Clippers","Portland",142,-157,"20150114"
"Indiana","Charlotte",-128,116,"20150117"
"Philadelphia","Detroit",900,-1235,"20150117"
"Atlanta","Chicago",-157,142,"20150117"
"Washington","Brooklyn",-230,205,"20150117"
"Golden State","Houston",112,-124,"20150117"
"Minnesota","Denver",638,-800,"20150117"
"Portland","Memphis",123,-136,"20150117"
"L.A. Clippers","Sacramento",-555,465,"20150117"
"New York","Charlotte",365,-425,"20150124"
"Detroit","Milwaukee",-145,131,"20150124"
"Philadelphia","Memphis",2400,-4800,"20150124"
"Brooklyn","Utah",162,-180,"20150124"
"Washington","Portland",-160,144,"20150124"
"Toronto","Washington",199,-222,"20150131"
"Dallas","Orlando",-290,256,"20150131"
"Sacramento","Indiana",195,-218,"20150131"
"Houston","Detroit",-170,153,"20150131"
"Philadelphia","Atlanta",1800,-3600,"20150131"
"Cleveland","Minnesota",-725,587,"20150131"
"Oklahoma City","Memphis",149,-165,"20150131"
"Portland","Milwaukee",-121,110,"20150131"
"L.A. Clippers","San Antonio",173,-193,"20150131"
"Charlotte","Denver",173,-193,"20150131"
"Phoenix","Golden State",498,-600,"20150131"
"Sacramento","Orlando",133,-147,"20151121"
"Milwaukee","Indiana",173,-193,"20151121"
"Atlanta","Cleveland",205,-230,"20151121"
"Philadelphia","Miami",887,-1200,"20151121"
"Washington","Detroit",100,-110,"20151121"
"New York","Houston",166,-184,"20151121"
"Memphis","San Antonio",285,-325,"20151121"
"L.A. Lakers","Washington",472,-565,"20151202"
"Golden State","Charlotte",-444,380,"20151202"
"Phoenix","Detroit",154,-171,"20151202"
"Philadelphia","New York",361,-419,"20151202"
"Denver","Chicago",423,-500,"20151202"
"New Orleans","Houston",144,-160,"20151202"
"Toronto","Atlanta",162,-180,"20151202"
"Milwaukee","San Antonio",800,-1053,"20151202"
"Indiana","L.A. Clippers",-128,116,"20151202"
"Toronto","Indiana",185,-206,"20151214"
"L.A. Clippers","Detroit",-123,111,"20151214"
"Orlando","Brooklyn",-160,144,"20151214"
"Philadelphia","Chicago",1102,-1600,"20151214"
"Miami","Atlanta",222,-250,"20151214"
"Washington","Memphis",142,-157,"20151214"
"Phoenix","Dallas",154,-171,"20151214"
"Utah","San Antonio",916,-1250,"20151214"
"Houston","Denver",-210,184,"20151214"
"New Orleans","Portland",133,-147,"20151214"
"New York","Cleveland",887,-1200,"20151223"
"Boston","Charlotte",107,-118,"20151223"
"Houston","Orlando",-101,-109,"20151223"
"Memphis","Washington",-111,103,"20151223"
"Sacramento","Indiana",248,-280,"20151223"
"Dallas","Brooklyn",-152,137,"20151223"
"San Antonio","Minnesota",-650,534,"20151223"
"Portland","New Orleans",292,-333,"20151223"
"Philadelphia","Milwaukee",569,-700,"20151223"
"Detroit","Atlanta",270,-307,"20151223"
"Denver","Phoenix",385,-450,"20151223"
"Utah","Golden State",1089,-1575,"20151223"
"Oklahoma City","L.A. Lakers",-2000,1289,"20151223"
"Brooklyn","Boston",427,-505,"20160102"
"Phoenix","Sacramento",222,-250,"20160102"
"Detroit","Indiana",171,-190,"20160102"
"Oklahoma City","Charlotte",-425,365,"20160102"
"Orlando","Cleveland",338,-390,"20160102"
"Milwaukee","Minnesota",113,-125,"20160102"
"New Orleans","Dallas",152,-169,"20160102"
"Houston","San Antonio",569,-700,"20160102"
"Memphis","Utah",-127,115,"20160102"
"Denver","Golden State",1491,-2500,"20160102"
"Philadelphia","L.A. Clippers",998,-1350,"20160102"
"Phoenix","Cleveland",2222,-5252,"20160127"
"Denver","Boston",423,-500,"20160127"
"Philadelphia","Detroit",704,-900,"20160127"
"Houston","San Antonio",390,-457,"20160127"
"L.A. Clippers","Atlanta",195,-218,"20160127"
"Oklahoma City","Minnesota",-275,244,"20160127"
"Charlotte","Utah",240,-271,"20160127"
"Dallas","Golden State",2122,-4750,"20160127"
"New York","Indiana",225,-253,"20160224"
"Charlotte","Cleveland",385,-450,"20160224"
"Philadelphia","Detroit",704,-900,"20160224"
"Minnesota","Toronto",408,-480,"20160224"
"Golden State","Miami",-444,380,"20160224"
"L.A. Lakers","Memphis",350,-405,"20160224"
"Washington","Chicago",-105,-105,"20160224"
"Oklahoma City","Dallas",-201,180,"20160224"
"Denver","L.A. Clippers",587,-725,"20160224"
"San Antonio","Sacramento",-335,293,"20160224"
"Indiana","Cleveland",338,-390,"20160229"
"Philadelphia","Washington",861,-1155,"20160229"
"Utah","Boston",171,-190,"20160229"
"Houston","Milwaukee",-160,144,"20160229"
"Memphis","Denver",-115,104,"20160229"
"Oklahoma City","Sacramento",-450,385,"20160229"
"Brooklyn","L.A. Clippers",798,-1050,"20160229"
"New York","Washington",186,-207,"20161117"
"Milwaukee","Miami",151,-167,"20161117"
"Portland","Houston",188,-210,"20161117"
"Philadelphia","Minnesota",651,-820,"20161117"
"Chicago","Utah",131,-145,"20161117"
"Sacramento","Washington",175,-195,"20161128"
"Philadelphia","Toronto",1289,-2000,"20161128"
"Oklahoma City","New York",-114,103,"20161128"
"Boston","Miami",-178,160,"20161128"
"Utah","Minnesota",-137,124,"20161128"
"Charlotte","Memphis",-125,113,"20161128"
"Atlanta","Golden State",1077,-1550,"20161128"
"Orlando","Washington",133,-147,"20161206"
"Chicago","Detroit",210,-235,"20161206"
"New York","Miami",102,-113,"20161206"
"Philadelphia","Memphis",256,-290,"20161206"
"San Antonio","Minnesota",-160,144,"20161206"
"Phoenix","Utah",252,-285,"20161206"
"Chicago","Indiana",165,-183,"20161230"
"Brooklyn","Washington",295,-337,"20161230"
"Miami","Boston",412,-485,"20161230"
"Detroit","Atlanta",130,-144,"20161230"
"Milwaukee","Minnesota",106,-117,"20161230"
"New York","New Orleans",139,-154,"20161230"
"L.A. Clippers","Houston",474,-567,"20161230"
"Portland","San Antonio",456,-543,"20161230"
"Philadelphia","Denver",472,-565,"20161230"
"Dallas","Golden State",2429,-6500,"20161230"
"L.A. Lakers","L.A. Clippers",534,-650,"20170114"
"New Orleans","Chicago",144,-159,"20170114"
"San Antonio","Phoenix",-950,736,"20170114"
"Philadelphia","Washington",461,-550,"20170114"
"Orlando","Utah",671,-850,"20170114"
"Portland","Boston",281,-320,"20170121"
"Washington","Detroit",123,-136,"20170121"
"Brooklyn","Charlotte",604,-750,"20170121"
"Philadelphia","Atlanta",480,-575,"20170121"
"Milwaukee","Miami",-127,115,"20170121"
"Phoenix","New York",175,-195,"20170121"
"Houston","Memphis",-107,-103,"20170121"
"San Antonio","Cleveland",154,-171,"20170121"
"Sacramento","Chicago",231,-260,"20170121"
"Indiana","Utah",256,-290,"20170121"
"L.A. Clippers","Denver",180,-200,"20170121"
"Sacramento","Cleveland",546,-667,"20170125"
"Houston","Boston",-160,144,"20170125"
"Miami","Brooklyn",-128,116,"20170125"
"Philadelphia","Milwaukee",622,-777,"20170125"
"Atlanta","Chicago",-113,102,"20170125"
"Toronto","Memphis",191,-213,"20170125"
"Golden State","Charlotte",-470,400,"20170125"
"Oklahoma City","New Orleans",-114,103,"20170125"
"New York","Dallas",137,-152,"20170125"
"L.A. Lakers","Portland",322,-370,"20170125"
"L.A. Lakers","Washington",520,-630,"20170202"
"Atlanta","Houston",435,-515,"20170202"
"Philadelphia","San Antonio",1453,-2400,"20170202"
"Golden State","L.A. Clippers",-333,292,"20170202"
"Charlotte","Sacramento",-170,153,"20170225"
"Atlanta","Orlando",-166,150,"20170225"
"Philadelphia","New York",252,-285,"20170225"
"Indiana","Miami",165,-183,"20170225"
"New Orleans","Dallas",-129,117,"20170225"
"Chicago","Cleveland",227,-255,"20170225"
"Minnesota","Houston",720,-925,"20170225"
"Brooklyn","Golden State",2499,-7000,"20170225"
"Chicago","Boston",285,-325,"20170312"
"Miami","Indiana",222,-250,"20170312"
"New York","Brooklyn",103,-114,"20170312"
"Cleveland","Houston",252,-285,"20170312"
"Portland","Phoenix",-125,113,"20170312"
"Philadelphia","L.A. Lakers",171,-190,"20170312"
"Denver","Washington",169,-188,"20141205"
"Oklahoma City","Philadelphia",-1400,975,"20141205"
"New York","Charlotte",171,-190,"20141205"
"Atlanta","Brooklyn",-106,-104,"20141205"
"Cleveland","Toronto",163,-181,"20141205"
"L.A. Lakers","Boston",136,-150,"20141205"
"San Antonio","Memphis",106,-117,"20141205"
"Houston","Minnesota",-310,273,"20141205"
"Phoenix","Dallas",206,-231,"20141205"
"Miami","Milwaukee",-113,102,"20141205"
"Orlando","Utah",175,-195,"20141205"
"Indiana","Sacramento",137,-152,"20141205"
"L.A. Clippers","Indiana",-270,239,"20141210"
"Washington","Orlando",-212,190,"20141210"
"Boston","Charlotte",137,-152,"20141210"
"Philadelphia","Atlanta",925,-1300,"20141210"
"New York","San Antonio",442,-525,"20141210"
"Brooklyn","Chicago",622,-777,"20141210"
"Portland","Minnesota",-600,498,"20141210"
"New Orleans","Dallas",273,-310,"20141210"
"Miami","Denver",193,-215,"20141210"
"Houston","Golden State",369,-430,"20141210"
"New York","Toronto",736,-950,"20141221"
"Memphis","Cleveland",176,-196,"20141221"
"Detroit","Brooklyn",114,-126,"20141221"
"Boston","Miami",-161,145,"20141221"
"Philadelphia","Orlando",365,-425,"20141221"
"Phoenix","Washington",200,-224,"20141221"
"L.A. Lakers","Sacramento",295,-337,"20141221"
"Indiana","Minnesota",-157,142,"20141221"
"New Orleans","Oklahoma City",269,-305,"20141221"
"Detroit","Cleveland",273,-310,"20141228"
"Houston","San Antonio",105,-116,"20141228"
"Oklahoma City","Dallas",107,-118,"20141228"
"Toronto","Denver",-136,123,"20141228"
"New York","Portland",671,-850,"20141228"
"Phoenix","L.A. Lakers",-204,183,"20141228"
"Cleveland","Philadelphia",-201,180,"20150105"
"Dallas","Brooklyn",-311,274,"20150105"
"Charlotte","Boston",202,-226,"20150105"
"Denver","Minnesota",-203,182,"20150105"
"Houston","Chicago",127,-140,"20150105"
"Washington","New Orleans",137,-152,"20150105"
"New York","Memphis",1450,-2450,"20150105"
"Indiana","Utah",110,-121,"20150105"
"L.A. Lakers","Portland",890,-1225,"20150105"
"Atlanta","L.A. Clippers",195,-218,"20150105"
"Oklahoma City","Golden State",133,-147,"20150105"
"Milwaukee","Orlando",-170,153,"20150129"
"New York","Indiana",293,-335,"20150129"
"Denver","Memphis",450,-535,"20150129"
"Chicago","L.A. Lakers",-525,442,"20150129"
"New York","Indiana",1025,-1450,"20150304"
"Phoenix","Orlando",-180,162,"20150304"
"Utah","Boston",104,-115,"20150304"
"Cleveland","Toronto",-193,173,"20150304"
"Charlotte","Brooklyn",199,-222,"20150304"
"Denver","Minnesota",248,-280,"20150304"
"Memphis","Houston",142,-157,"20150304"
"L.A. Lakers","Miami",416,-490,"20150304"
"Philadelphia","Oklahoma City",1650,-3000,"20150304"
"Detroit","New Orleans",175,-195,"20150304"
"Sacramento","San Antonio",523,-635,"20150304"
"Portland","L.A. Clippers",-118,107,"20150304"
"Milwaukee","Golden State",1125,-1650,"20150304"
"Orlando","Indiana",342,-395,"20150310"
"New Orleans","Brooklyn",130,-144,"20150310"
"Toronto","San Antonio",256,-290,"20150310"
"Cleveland","Dallas",-175,158,"20150310"
"New York","Utah",925,-1300,"20150310"
"Detroit","L.A. Lakers",-160,144,"20150310"
"Chicago","Oklahoma City",252,-285,"20150315"
"Houston","L.A. Clippers",169,-188,"20150315"
"Cleveland","Orlando",-620,512,"20150315"
"Denver","New Orleans",308,-353,"20150315"
"Portland","Toronto",111,-123,"20150315"
"Minnesota","San Antonio",1125,-1700,"20150315"
"New York","Phoenix",641,-805,"20150315"
"Atlanta","L.A. Lakers",-265,235,"20150315"
"New York","Philadelphia",215,-241,"20150320"
"Portland","Orlando",-384,333,"20150320"
"Denver","Miami",292,-333,"20150320"
"Milwaukee","Brooklyn",114,-126,"20150320"
"Indiana","Cleveland",480,-575,"20150320"
"Atlanta","Oklahoma City",-106,-104,"20150320"
"Toronto","Chicago",105,-116,"20150320"
"Memphis","Dallas",131,-145,"20150320"
"Boston","San Antonio",385,-450,"20150320"
"Charlotte","Sacramento",-195,175,"20150320"
"New Orleans","Golden State",1125,-1650,"20150320"
"Washington","L.A. Clippers",268,-304,"20150320"
"Denver","Philadelphia",-149,135,"20151205"
"Golden State","Toronto",-325,285,"20151205"
"Cleveland","Miami",171,-190,"20151205"
"Portland","Minnesota",112,-124,"20151205"
"Sacramento","Houston",137,-152,"20151205"
"Charlotte","Chicago",199,-222,"20151205"
"New York","Milwaukee",-130,118,"20151205"
"Boston","San Antonio",365,-425,"20151205"
"Indiana","Utah",-118,107,"20151205"
"Orlando","L.A. Clippers",116,-128,"20151205"
"Philadelphia","Brooklyn",239,-270,"20151210"
"Atlanta","Oklahoma City",289,-330,"20151210"
"L.A. Clippers","Chicago",-111,101,"20151210"
"New York","Sacramento",218,-245,"20151210"
"L.A. Lakers","Memphis",450,-535,"20151227"
"New York","Boston",338,-390,"20151227"
"Denver","Oklahoma City",1981,-4125,"20151227"
"Portland","Sacramento",393,-460,"20151227"
"Indiana","Orlando",-152,137,"20160106"
"New York","Miami",264,-300,"20160106"
"Cleveland","Washington",-333,292,"20160106"
"Toronto","Brooklyn",-295,260,"20160106"
"Detroit","Boston",136,-150,"20160106"
"Dallas","New Orleans",318,-365,"20160106"
"Denver","Minnesota",147,-163,"20160106"
"Utah","San Antonio",1051,-1500,"20160106"
"Charlotte","Phoenix",-124,112,"20160106"
"Memphis","Oklahoma City",393,-460,"20160106"
"L.A. Clippers","Portland",-157,142,"20160106"
"Atlanta","Charlotte",-133,120,"20160113"
"Milwaukee","Washington",193,-215,"20160113"
"New York","Brooklyn",-153,138,"20160113"
"Indiana","Boston",142,-157,"20160113"
"Dallas","Oklahoma City",858,-1150,"20160113"
"Minnesota","Houston",314,-360,"20160113"
"Golden State","Denver",-540,454,"20160113"
"New Orleans","Sacramento",222,-250,"20160113"
"Utah","Portland",144,-160,"20160113"
"Miami","L.A. Clippers",136,-150,"20160113"
"New York","Charlotte",-118,107,"20160123"
"Milwaukee","New Orleans",222,-250,"20160123"
"Memphis","Minnesota",-161,145,"20160123"
"Chicago","Cleveland",509,-615,"20160123"
"Atlanta","Phoenix",-575,480,"20160123"
"Detroit","Denver",-183,168,"20160123"
"Indiana","Sacramento",139,-154,"20160123"
"L.A. Lakers","Portland",621,-775,"20160123"
"Boston","Philadelphia",NA,NA,"20160123"
"Washington","Miami",-125,113,"20160220"
"Milwaukee","Atlanta",314,-360,"20160220"
"New York","Minnesota",134,-148,"20160220"
"Golden State","L.A. Clippers",-180,162,"20160220"
"Miami","Milwaukee",-161,145,"20160309"
"New Orleans","Charlotte",346,-400,"20160309"
"Houston","Philadelphia",-480,408,"20160309"
"Memphis","Boston",552,-675,"20160309"
"Detroit","Dallas",117,-129,"20160309"
"L.A. Clippers","Oklahoma City",213,-239,"20160309"
"Cleveland","Sacramento",-265,235,"20160309"
"New York","Phoenix",101,-111,"20160309"
"Utah","Golden State",1198,-1800,"20160309"
"New York","Charlotte",197,-220,"20161126"
"San Antonio","Washington",-210,188,"20161126"
"Detroit","Oklahoma City",169,-188,"20161126"
"Memphis","Miami",-110,-100,"20161126"
"Minnesota","Golden State",704,-900,"20161126"
"Memphis","Sacramento",-115,104,"20161231"
"Cleveland","Charlotte",-109,-101,"20161231"
"Milwaukee","Chicago",147,-163,"20161231"
"New York","Houston",704,-900,"20161231"
"Phoenix","Utah",604,-750,"20161231"
"L.A. Clippers","Oklahoma City",350,-405,"20161231"
"New York","Indiana",252,-285,"20170107"
"New Orleans","Boston",216,-242,"20170107"
"Utah","Minnesota",-188,169,"20170107"
"Denver","Oklahoma City",350,-405,"20170107"
"Toronto","Chicago",-119,108,"20170107"
"Atlanta","Dallas",-108,-102,"20170107"
"Charlotte","San Antonio",523,-635,"20170107"
"Detroit","Portland",142,-157,"20170107"
"Minnesota","Cleveland",231,-260,"20170201"
"Indiana","Orlando",-140,127,"20170201"
"Atlanta","Miami",108,-119,"20170201"
"New York","Brooklyn",-143,129,"20170201"
"New Orleans","Detroit",282,-321,"20170201"
"Toronto","Boston",222,-250,"20170201"
"Philadelphia","Dallas",293,-335,"20170201"
"Milwaukee","Utah",301,-345,"20170201"
"Memphis","Denver",-169,152,"20170201"
"L.A. Clippers","Phoenix",-130,118,"20170201"
"Chicago","Oklahoma City",130,-144,"20170201"
"Charlotte","Golden State",1267,-1950,"20170201"
"Chicago","Charlotte",-155,140,"20141203"
"L.A. Lakers","Washington",386,-451,"20141203"
"Detroit","Boston",173,-193,"20141203"
"San Antonio","Brooklyn",-435,373,"20141203"
"Atlanta","Miami",171,-190,"20141203"
"Dallas","Milwaukee",-174,157,"20141203"
"Memphis","Houston",-212,190,"20141203"
"Philadelphia","Minnesota",252,-285,"20141203"
"Toronto","Utah",-165,149,"20141203"
"Orlando","L.A. Clippers",1387,-2487,"20141203"
"Golden State","Dallas",100,-110,"20141213"
"Atlanta","Orlando",-145,131,"20141213"
"Portland","Indiana",-200,180,"20141213"
"Brooklyn","Charlotte",160,-178,"20141213"
"Memphis","Philadelphia",-567,474,"20141213"
"L.A. Clippers","Milwaukee",-224,200,"20141213"
"Denver","Houston",256,-290,"20141213"
"Detroit","Sacramento",193,-215,"20141213"
"Orlando","Washington",537,-654,"20150209"
"San Antonio","Indiana",-200,180,"20150209"
"Golden State","Philadelphia",-3600,1800,"20150209"
"New York","Miami",166,-185,"20150209"
"Atlanta","Minnesota",-255,227,"20150209"
"Utah","New Orleans",123,-136,"20150209"
"Brooklyn","Milwaukee",180,-200,"20150209"
"L.A. Clippers","Dallas",358,-415,"20150209"
"Oklahoma City","Denver",-250,222,"20150209"
"Detroit","Washington",173,-193,"20150228"
"Toronto","New York",-625,516,"20150228"
"Atlanta","Miami",-140,127,"20150228"
"Memphis","Minnesota",-230,205,"20150228"
"Brooklyn","Dallas",295,-337,"20150228"
"Milwaukee","Utah",149,-165,"20150228"
"San Antonio","Phoenix",114,-126,"20150228"
"Memphis","New Orleans",105,-116,"20150307"
"Sacramento","Miami",-109,-101,"20150307"
"Atlanta","Philadelphia",-320,281,"20150307"
"Indiana","New York",-435,373,"20150307"
"Phoenix","Cleveland",604,-750,"20150307"
"Portland","Minnesota",-206,185,"20150307"
"Washington","Milwaukee",156,-173,"20150307"
"Houston","Denver",-170,153,"20150307"
"Toronto","Indiana",190,-212,"20150316"
"Portland","Washington",103,-114,"20150316"
"Philadelphia","Boston",359,-417,"20150316"
"Brooklyn","Minnesota",-182,164,"20150316"
"Denver","Memphis",720,-925,"20150316"
"Cleveland","Miami",-226,202,"20150316"
"Oklahoma City","Dallas",210,-235,"20150316"
"Charlotte","Utah",160,-178,"20150316"
"Atlanta","Sacramento",-179,161,"20150316"
"L.A. Lakers","Golden State",3000,-6000,"20150316"
"New York","Orlando",104,-115,"20151125"
"Washington","Charlotte",149,-165,"20151125"
"Philadelphia","Boston",673,-852,"20151125"
"Miami","Detroit",106,-117,"20151125"
"Cleveland","Toronto",-150,136,"20151125"
"Memphis","Houston",160,-178,"20151125"
"Sacramento","Milwaukee",162,-180,"20151125"
"Brooklyn","Oklahoma City",720,-925,"20151125"
"Atlanta","Minnesota",-156,141,"20151125"
"Dallas","San Antonio",480,-575,"20151125"
"New Orleans","Phoenix",153,-170,"20151125"
"Utah","L.A. Clippers",184,-205,"20151125"
"Toronto","Washington",-165,149,"20151128"
"Brooklyn","Cleveland",390,-457,"20151128"
"Atlanta","San Antonio",277,-315,"20151128"
"Denver","Dallas",365,-425,"20151128"
"New Orleans","Utah",202,-226,"20151128"
"L.A. Lakers","Portland",330,-380,"20151128"
"Sacramento","Golden State",1564,-2700,"20151128"
"Detroit","New York",-116,105,"20151229"
"Miami","Memphis",162,-180,"20151229"
"Milwaukee","Oklahoma City",1025,-1450,"20151229"
"Atlanta","Houston",155,-172,"20151229"
"Cleveland","Denver",-260,231,"20151229"
"Detroit","New Orleans",129,-142,"20160121"
"L.A. Clippers","Cleveland",235,-265,"20160121"
"Memphis","Denver",-135,122,"20160121"
"Atlanta","Sacramento",-105,-105,"20160121"
"San Antonio","Phoenix",-4400,2045,"20160121"
"Denver","Washington",269,-305,"20160128"
"Atlanta","Indiana",125,-138,"20160128"
"Milwaukee","Memphis",193,-215,"20160128"
"New York","Toronto",720,-925,"20160128"
"Sacramento","New Orleans",-220,197,"20160128"
"Chicago","L.A. Lakers",-425,365,"20160128"
"Phoenix","Orlando",159,-177,"20161123"
"Portland","Cleveland",688,-875,"20161123"
"Atlanta","Indiana",-105,-105,"20161123"
"San Antonio","Charlotte",-213,191,"20161123"
"Memphis","Philadelphia",-230,205,"20161123"
"Miami","Detroit",169,-188,"20161123"
"Boston","Brooklyn",-305,269,"20161123"
"Toronto","Houston",144,-159,"20161123"
"L.A. Clippers","Dallas",-650,534,"20161123"
"Denver","Utah",295,-337,"20161123"
"Minnesota","New Orleans",-130,118,"20161123"
"Oklahoma City","Sacramento",107,-118,"20161123"
"L.A. Lakers","Golden State",2267,-5500,"20161123"
"Brooklyn","Indiana",516,-625,"20170105"
"Utah","Toronto",180,-200,"20170105"
"Charlotte","Detroit",190,-212,"20170105"
"Oklahoma City","Houston",311,-357,"20170105"
"Atlanta","New Orleans",109,-120,"20170105"
"Phoenix","Dallas",201,-225,"20170105"
"L.A. Lakers","Portland",231,-260,"20170105"
"San Antonio","Denver",-305,269,"20170105"
"Atlanta","New York",-124,112,"20170116"
"Portland","Washington",149,-165,"20170116"
"Philadelphia","Milwaukee",358,-415,"20170116"
"New Orleans","Indiana",186,-208,"20170116"
"Orlando","Denver",215,-241,"20170116"
"Charlotte","Boston",182,-203,"20170116"
"Cleveland","Golden State",361,-420,"20170116"
"Utah","Phoenix",-245,218,"20170116"
"Oklahoma City","L.A. Clippers",326,-375,"20170116"
"Utah","Oklahoma City",175,-195,"20170311"
"Philadelphia","L.A. Clippers",1175,-1750,"20170311"
"New York","Detroit",219,-246,"20170311"
"New Orleans","Charlotte",143,-158,"20170311"
"Cleveland","Orlando",-411,354,"20170311"
"Toronto","Miami",205,-230,"20170311"
"Minnesota","Milwaukee",125,-138,"20170311"
"Golden State","San Antonio",461,-550,"20170311"
"Phoenix","Dallas",197,-220,"20170311"
"Atlanta","Memphis",230,-259,"20170311"
"Washington","Portland",162,-180,"20170311"
"Denver","Sacramento",-195,175,"20170311"
"Denver","Cleveland",704,-900,"20141117"
"Dallas","Charlotte",-178,160,"20141117"
"Orlando","Detroit",171,-190,"20141117"
"Miami","Brooklyn",302,-346,"20141117"
"Phoenix","Boston",-120,109,"20141117"
"Houston","Memphis",171,-190,"20141117"
"Philadelphia","San Antonio",2750,-5250,"20141117"
"New Orleans","Portland",152,-168,"20141117"
"Chicago","L.A. Clippers",248,-280,"20141117"
"New Orleans","Washington",153,-170,"20141129"
"Dallas","Philadelphia",-1050,795,"20141129"
"Indiana","Cleveland",480,-575,"20141129"
"Charlotte","Atlanta",252,-285,"20141129"
"Houston","Milwaukee",142,-157,"20141129"
"L.A. Clippers","Utah",-220,197,"20141129"
"Cleveland","Oklahoma City",281,-320,"20141211"
"Houston","Sacramento",-101,-109,"20141211"
"Charlotte","Toronto",780,-1020,"20150108"
"Houston","New York",-1100,816,"20150108"
"Miami","Portland",365,-425,"20150108"
"New York","Orlando",219,-246,"20150211"
"Washington","Toronto",173,-193,"20150211"
"San Antonio","Detroit",-261,232,"20150211"
"Atlanta","Boston",-285,252,"20150211"
"Memphis","Oklahoma City",173,-193,"20150211"
"Sacramento","Milwaukee",435,-515,"20150211"
"Miami","Cleveland",827,-1111,"20150211"
"Indiana","New Orleans",-107,-103,"20150211"
"Golden State","Minnesota",-495,420,"20150211"
"Utah","Dallas",184,-205,"20150211"
"L.A. Lakers","Portland",1125,-1650,"20150211"
"Houston","L.A. Clippers",144,-160,"20150211"
"Milwaukee","Indiana",271,-308,"20150312"
"Memphis","Washington",350,-405,"20150312"
"Cleveland","San Antonio",-107,-103,"20150312"
"Houston","Utah",-132,120,"20150312"
"New York","L.A. Lakers",267,-303,"20150312"
"Miami","Charlotte",-108,-102,"20151209"
"Chicago","Boston",150,-166,"20151209"
"Houston","Washington",158,-175,"20151209"
"San Antonio","Toronto",-235,210,"20151209"
"Memphis","Detroit",151,-167,"20151209"
"L.A. Lakers","Minnesota",295,-337,"20151209"
"L.A. Clippers","Milwaukee",-208,186,"20151209"
"Orlando","Phoenix",171,-190,"20151209"
"New York","Utah",127,-140,"20151209"
"Atlanta","Dallas",-123,111,"20151209"
"Cleveland","Boston",-109,-101,"20151215"
"Denver","Minnesota",218,-245,"20151215"
"Houston","Sacramento",121,-134,"20151215"
"Milwaukee","L.A. Lakers",-160,144,"20151215"
"Washington","Brooklyn",-135,122,"20151226"
"Toronto","Milwaukee",-140,127,"20151226"
"Houston","New Orleans",-109,-101,"20151226"
"Memphis","Charlotte",130,-144,"20151226"
"Miami","Orlando",185,-206,"20151226"
"Boston","Detroit",-121,110,"20151226"
"New York","Atlanta",285,-325,"20151226"
"Indiana","Minnesota",-165,149,"20151226"
"Chicago","Dallas",118,-130,"20151226"
"Denver","San Antonio",1289,-2000,"20151226"
"Philadelphia","Phoenix",552,-675,"20151226"
"L.A. Clippers","Utah",-121,110,"20151226"
"Cleveland","Portland",-345,301,"20151226"
"Philadelphia","New York",435,-515,"20160118"
"Utah","Charlotte",136,-150,"20160118"
"Portland","Washington",158,-175,"20160118"
"New Orleans","Memphis",162,-180,"20160118"
"Chicago","Detroit",139,-154,"20160118"
"Orlando","Atlanta",292,-333,"20160118"
"Brooklyn","Toronto",621,-775,"20160118"
"Golden State","Cleveland",158,-175,"20160118"
"Boston","Dallas",-125,113,"20160118"
"Houston","L.A. Clippers",180,-200,"20160118"
"San Antonio","Orlando",-400,346,"20160210"
"Sacramento","Philadelphia",-211,189,"20160210"
"Charlotte","Indiana",143,-158,"20160210"
"Denver","Detroit",184,-205,"20160210"
"Memphis","Brooklyn",-175,158,"20160210"
"L.A. Clippers","Boston",106,-117,"20160210"
"L.A. Lakers","Cleveland",2045,-4400,"20160210"
"Utah","New Orleans",106,-117,"20160210"
"Atlanta","Chicago",-167,151,"20160210"
"Toronto","Minnesota",-242,216,"20160210"
"Golden State","Phoenix",-3333,1768,"20160210"
"Houston","Portland",159,-177,"20160210"
"Golden State","L.A. Lakers",-6000,2352,"20160306"
"Oklahoma City","Milwaukee",-350,305,"20160306"
"Phoenix","Memphis",423,-500,"20160306"
"Dallas","Denver",-175,158,"20160306"
"Portland","Detroit",-120,109,"20160306"
"Philadelphia","Miami",1102,-1600,"20160306"
"Houston","Toronto",301,-345,"20160306"
"Indiana","Dallas",100,-110,"20160312"
"Detroit","Philadelphia",-700,569,"20160312"
"Houston","Charlotte",193,-215,"20160312"
"Miami","Toronto",222,-250,"20160312"
"New Orleans","Milwaukee",220,-247,"20160312"
"Memphis","Atlanta",1051,-1500,"20160312"
"Oklahoma City","San Antonio",380,-444,"20160312"
"Washington","Denver",104,-115,"20160312"
"Orlando","Portland",346,-400,"20160312"
"Phoenix","Golden State",2352,-6000,"20160312"
"Orlando","Philadelphia",-103,-107,"20161202"
"L.A. Lakers","Toronto",412,-485,"20161202"
"Sacramento","Boston",219,-246,"20161202"
"Minnesota","New York",-144,130,"20161202"
"Detroit","Atlanta",107,-118,"20161202"
"Cleveland","Chicago",-115,104,"20161202"
"L.A. Clippers","New Orleans",-178,160,"20161202"
"Washington","San Antonio",358,-415,"20161202"
"Houston","Denver",152,-169,"20161202"
"Phoenix","Oklahoma City",240,-271,"20161217"
"Indiana","Detroit",166,-185,"20161217"
"L.A. Lakers","Cleveland",1432,-2345,"20161217"
"Charlotte","Atlanta",130,-144,"20161217"
"Houston","Minnesota",-140,127,"20161217"
"New York","Denver",147,-163,"20161217"
"Portland","Golden State",1051,-1500,"20161217"
"Milwaukee","Cleveland",210,-235,"20161221"
"Memphis","Detroit",219,-246,"20161221"
"Minnesota","Atlanta",154,-171,"20161221"
"Washington","Chicago",150,-166,"20161221"
"Oklahoma City","New Orleans",-118,107,"20161221"
"Houston","Phoenix",-250,222,"20161221"
"Sacramento","Utah",318,-366,"20161221"
"Dallas","Portland",211,-237,"20161221"
"Memphis","Boston",288,-328,"20161227"
"Oklahoma City","Miami",-179,161,"20161227"
"Houston","Dallas",-182,164,"20161227"
"Utah","L.A. Lakers",-215,193,"20161227"
"Minnesota","Washington",171,-190,"20170106"
"Houston","Orlando",-185,166,"20170106"
"Cleveland","Brooklyn",-1100,828,"20170106"
"Philadelphia","Boston",498,-600,"20170106"
"New York","Milwaukee",185,-206,"20170106"
"Miami","L.A. Lakers",122,-135,"20170106"
"Memphis","Golden State",1051,-1500,"20170106"
"L.A. Clippers","Sacramento",-138,125,"20170106"
"New York","Philadelphia",-130,118,"20170111"
"Washington","Boston",184,-205,"20170111"
"Memphis","Oklahoma City",173,-192,"20170111"
"Houston","Minnesota",-145,131,"20170111"
"Cleveland","Portland",-200,180,"20170111"
"Orlando","L.A. Clippers",454,-540,"20170111"
"Miami","Washington",180,-200,"20141201"
"San Antonio","Philadelphia",-760,611,"20141201"
"Denver","Utah",-170,153,"20141201"
"Minnesota","L.A. Clippers",1400,-2300,"20141201"
"Charlotte","Cleveland",516,-625,"20141215"
"Boston","Philadelphia",-203,182,"20141215"
"L.A. Lakers","Indiana",184,-205,"20141215"
"Orlando","Toronto",252,-285,"20141215"
"Chicago","Atlanta",123,-136,"20141215"
"Milwaukee","Phoenix",185,-206,"20141215"
"San Antonio","Portland",346,-400,"20141215"
"Detroit","L.A. Clippers",688,-875,"20141215"
"Phoenix","New York",-235,210,"20141220"
"Portland","New Orleans",193,-215,"20141220"
"Utah","Charlotte",150,-166,"20141220"
"Atlanta","Houston",175,-195,"20141220"
"San Antonio","Dallas",576,-710,"20141220"
"Indiana","Denver",136,-150,"20141220"
"Milwaukee","L.A. Clippers",480,-575,"20141220"
"Brooklyn","Boston",112,-124,"20141226"
"Cleveland","Orlando",-165,149,"20141226"
"Indiana","Detroit",-152,137,"20141226"
"Milwaukee","Atlanta",390,-457,"20141226"
"Houston","Memphis",111,-123,"20141226"
"San Antonio","New Orleans",124,-137,"20141226"
"Charlotte","Oklahoma City",235,-265,"20141226"
"L.A. Lakers","Dallas",795,-1050,"20141226"
"Minnesota","Denver",480,-575,"20141226"
"Philadelphia","Portland",795,-1050,"20141226"
"Phoenix","Sacramento",-210,188,"20141226"
"New Orleans","Orlando",-230,205,"20150220"
"Indiana","Philadelphia",-405,350,"20150220"
"Toronto","Atlanta",193,-215,"20150220"
"Miami","New York",-307,270,"20150220"
"Chicago","Detroit",-248,221,"20150220"
"Cleveland","Washington",-154,139,"20150220"
"Phoenix","Minnesota",115,-127,"20150220"
"Denver","Milwaukee",318,-365,"20150220"
"Houston","Dallas",124,-137,"20150220"
"Portland","Utah",-193,173,"20150220"
"Boston","Sacramento",151,-167,"20150220"
"Brooklyn","L.A. Lakers",-152,137,"20150220"
"San Antonio","Golden State",293,-335,"20150220"
"Brooklyn","Cleveland",671,-850,"20150318"
"Detroit","Philadelphia",-113,102,"20150318"
"Minnesota","Toronto",534,-650,"20150318"
"Portland","Miami",-138,125,"20150318"
"San Antonio","Milwaukee",-222,199,"20150318"
"Indiana","Chicago",104,-115,"20150318"
"Orlando","Dallas",816,-1100,"20150318"
"Boston","Oklahoma City",239,-270,"20150318"
"L.A. Clippers","Sacramento",-425,365,"20150318"
"Atlanta","Golden State",253,-286,"20150318"
"Washington","Utah",133,-147,"20150318"
"Oklahoma City","Miami",-195,175,"20151203"
"Denver","Toronto",454,-540,"20151203"
"Orlando","Utah",149,-155,"20151203"
"San Antonio","Memphis",-155,140,"20151203"
"Boston","Sacramento",-139,126,"20151203"
"Indiana","Portland",-136,123,"20151203"
"Phoenix","Indiana",704,-900,"20160112"
"Boston","New York",-114,103,"20160112"
"San Antonio","Detroit",-285,252,"20160112"
"Houston","Memphis",-125,113,"20160112"
"Chicago","Milwaukee",-145,131,"20160112"
"Oklahoma City","Minnesota",-575,480,"20160112"
"Cleveland","Dallas",-235,210,"20160112"
"New Orleans","L.A. Lakers",-127,116,"20160112"
"Charlotte","Orlando",180,-200,"20160122"
"Utah","Brooklyn",-235,210,"20160122"
"Chicago","Boston",156,-173,"20160122"
"L.A. Clippers","New York",-125,113,"20160122"
"Milwaukee","Houston",124,-137,"20160122"
"Miami","Toronto",516,-625,"20160122"
"Oklahoma City","Dallas",-235,210,"20160122"
"Indiana","Golden State",865,-1162,"20160122"
"San Antonio","L.A. Lakers",-3000,1665,"20160122"
"Detroit","Washington",112,-124,"20160219"
"Dallas","Orlando",106,-117,"20160219"
"New York","Brooklyn",-193,173,"20160219"
"Philadelphia","New Orleans",373,-435,"20160219"
"Miami","Atlanta",498,-600,"20160219"
"Indiana","Oklahoma City",326,-375,"20160219"
"Minnesota","Memphis",166,-185,"20160219"
"Toronto","Chicago",-310,273,"20160219"
"Charlotte","Milwaukee",-117,106,"20160219"
"Houston","Phoenix",-340,297,"20160219"
"Denver","Sacramento",167,-186,"20160219"
"Golden State","Portland",-360,314,"20160219"
"San Antonio","L.A. Lakers",-585,487,"20160219"
"Boston","Utah",107,-118,"20160219"
"Golden State","Orlando",-395,342,"20160225"
"Milwaukee","Boston",293,-335,"20160225"
"Oklahoma City","New Orleans",-230,205,"20160225"
"Brooklyn","Phoenix",102,-113,"20160225"
"Houston","Portland",158,-175,"20160225"
"San Antonio","Utah",-153,138,"20160225"
"Phoenix","Miami",1051,-1500,"20160303"
"San Antonio","New Orleans",-500,423,"20160303"
"Sacramento","Dallas",235,-265,"20160303"
"Oklahoma City","Golden State",281,-320,"20160303"
"Brooklyn","Toronto",751,-974,"20160308"
"San Antonio","Minnesota",-600,498,"20160308"
"Atlanta","Utah",129,-143,"20160308"
"New York","Denver",103,-114,"20160308"
"Washington","Portland",210,-235,"20160308"
"Orlando","L.A. Lakers",-165,149,"20160308"
"Memphis","Toronto",900,-1222,"20161130"
"Detroit","Boston",239,-270,"20161130"
"Washington","Oklahoma City",180,-200,"20161130"
"New York","Minnesota",155,-172,"20161130"
"L.A. Lakers","Chicago",480,-575,"20161130"
"San Antonio","Dallas",-400,346,"20161130"
"Miami","Denver",231,-260,"20161130"
"Atlanta","Phoenix",-175,158,"20161130"
"Indiana","Portland",264,-300,"20161130"
"Sacramento","Philadelphia",-190,171,"20161130"
"Indiana","New Orleans",127,-140,"20161215"
"Chicago","Milwaukee",-102,-108,"20161215"
"San Antonio","Phoenix",-335,293,"20161215"
"Portland","Denver",129,-143,"20161215"
"New York","Golden State",1491,-2500,"20161215"
"Chicago","Charlotte",173,-193,"20161223"
"L.A. Lakers","Orlando",173,-193,"20161223"
"Golden State","Detroit",-321,282,"20161223"
"Brooklyn","Cleveland",1950,-4000,"20161223"
"Oklahoma City","Boston",186,-208,"20161223"
"Washington","Milwaukee",136,-150,"20161223"
"Miami","New Orleans",185,-206,"20161223"
"Houston","Memphis",-150,136,"20161223"
"Sacramento","Minnesota",193,-216,"20161223"
"Philadelphia","Phoenix",210,-235,"20161223"
"Atlanta","Denver",205,-230,"20161223"
"Toronto","Utah",-105,-105,"20161223"
"San Antonio","Portland",-123,111,"20161223"
"Dallas","L.A. Clippers",160,-178,"20161223"
"Boston","Washington",102,-113,"20170124"
"Chicago","Orlando",-145,131,"20170124"
"San Antonio","Toronto",129,-143,"20170124"
"L.A. Clippers","Philadelphia",-180,162,"20170124"
"Minnesota","Phoenix",-113,102,"20170124"
"Utah","Denver",118,-130,"20170124"
"Philadelphia","Charlotte",303,-347,"20170213"
"Oklahoma City","Washington",202,-226,"20170213"
"Orlando","Miami",292,-333,"20170213"
"Memphis","Brooklyn",-395,342,"20170213"
"San Antonio","Indiana",-203,182,"20170213"
"Detroit","Milwaukee",135,-149,"20170213"
"Boston","Dallas",-121,110,"20170213"
"New Orleans","Phoenix",148,-164,"20170213"
"Golden State","Denver",-800,638,"20170213"
"L.A. Clippers","Utah",322,-370,"20170213"
"Atlanta","Portland",113,-125,"20170213"
"Cleveland","Detroit",-186,167,"20170309"
"San Antonio","Oklahoma City",-134,121,"20170309"
"L.A. Clippers","Memphis",117,-129,"20170309"
"Philadelphia","Portland",400,-470,"20170309"
"L.A. Lakers","Phoenix",227,-255,"20170309"
"L.A. Lakers","Oklahoma City",2100,-4200,"20151219"
"Charlotte","Washington",-119,108,"20151219"
"Chicago","New York",125,-138,"20151219"
"Indiana","Memphis",-108,-102,"20151219"
"L.A. Clippers","Houston",-144,130,"20151219"
"Cleveland","L.A. Clippers",-140,127,"20160313"
"Indiana","Atlanta",186,-208,"20160313"
"Utah","Sacramento",-109,-101,"20160313"
"Milwaukee","Brooklyn",-114,103,"20160313"
"New York","L.A. Lakers",-125,113,"20160313"
"Denver","Philadelphia",-163,147,"20161205"
"Oklahoma City","Atlanta",160,-178,"20161205"
"Cleveland","Toronto",115,-127,"20161205"
"Washington","Brooklyn",-265,235,"20161205"
"Memphis","New Orleans",160,-178,"20161205"
"Portland","Chicago",154,-171,"20161205"
"San Antonio","Milwaukee",-250,222,"20161205"
"Boston","Houston",199,-222,"20161205"
"Charlotte","Dallas",-158,143,"20161205"
"Utah","L.A. Lakers",-185,166,"20161205"
"Indiana","Golden State",994,-1392,"20161205"
"New Orleans","Philadelphia",-152,137,"20161220"
"L.A. Lakers","Charlotte",342,-395,"20161220"
"Brooklyn","Toronto",1382,-2222,"20161220"
"Orlando","Miami",153,-170,"20161220"
"Indiana","New York",169,-188,"20161220"
"Boston","Memphis",-116,105,"20161220"
"Cleveland","Milwaukee",-152,137,"20161220"
"San Antonio","Houston",101,-111,"20161220"
"Portland","Sacramento",-105,-105,"20161220"
"Denver","L.A. Clippers",293,-335,"20161220"
"Utah","Golden State",770,-1004,"20161220"
"Portland","Chicago",125,-138,"20141212"
"L.A. Clippers","Washington",-130,118,"20141212"
"New York","Boston",222,-250,"20141212"
"Orlando","Atlanta",390,-456,"20141212"
"Indiana","Toronto",373,-435,"20141212"
"Philadelphia","Brooklyn",244,-275,"20141212"
"Charlotte","Memphis",480,-575,"20141212"
"Oklahoma City","Minnesota",-350,305,"20141212"
"Cleveland","New Orleans",107,-118,"20141212"
"Miami","Utah",102,-113,"20141212"
"Detroit","Phoenix",427,-505,"20141212"
"L.A. Lakers","San Antonio",915,-1250,"20141212"
"New Orleans","Philadelphia",-280,248,"20150116"
"Brooklyn","Washington",423,-500,"20150116"
"Detroit","Indiana",105,-116,"20150116"
"Memphis","Orlando",-224,200,"20150116"
"Atlanta","Toronto",-123,111,"20150116"
"Chicago","Boston",-200,180,"20150116"
"Golden State","Oklahoma City",-103,-107,"20150116"
"Denver","Dallas",346,-400,"20150116"
"Portland","San Antonio",169,-188,"20150116"
"Minnesota","Phoenix",1075,-1550,"20150116"
"L.A. Lakers","Utah",314,-360,"20150116"
"Miami","Sacramento",143,-158,"20150116"
"Cleveland","L.A. Clippers",334,-385,"20150116"
"New York","Brooklyn",227,-255,"20150206"
"Cleveland","Indiana",-237,211,"20150206"
"L.A. Lakers","Orlando",173,-193,"20150206"
"L.A. Clippers","Toronto",-109,-101,"20150206"
"Golden State","Atlanta",-126,114,"20150206"
"Denver","Detroit",235,-265,"20150206"
"Philadelphia","Boston",334,-385,"20150206"
"Milwaukee","Houston",190,-212,"20150206"
"New Orleans","Oklahoma City",231,-260,"20150206"
"Memphis","Minnesota",-384,333,"20150206"
"Utah","Phoenix",195,-218,"20150206"
"Miami","San Antonio",802,-1086,"20150206"
"Cleveland","Chicago",-123,111,"20150212"
"Washington","Philadelphia",-305,269,"20150227"
"Cleveland","Indiana",124,-137,"20150227"
"New York","Detroit",889,-1224,"20150227"
"Orlando","Atlanta",587,-725,"20150227"
"Golden State","Toronto",-130,118,"20150227"
"Charlotte","Boston",111,-123,"20150227"
"L.A. Clippers","Memphis",171,-190,"20150227"
"Brooklyn","Houston",292,-333,"20150227"
"Miami","New Orleans",-125,113,"20150227"
"Minnesota","Chicago",180,-200,"20150227"
"Utah","Denver",-177,159,"20150227"
"San Antonio","Sacramento",-485,412,"20150227"
"Milwaukee","L.A. Lakers",-240,214,"20150227"
"Oklahoma City","Portland",218,-245,"20150227"
"Washington","Indiana",264,-300,"20160115"
"Minnesota","Oklahoma City",944,-1300,"20160115"
"Phoenix","Boston",412,-485,"20160115"
"Portland","Brooklyn",-165,149,"20160115"
"Dallas","Chicago",100,-110,"20160115"
"Atlanta","Milwaukee",-185,166,"20160115"
"Charlotte","New Orleans",143,-158,"20160115"
"Miami","Denver",-118,107,"20160115"
"Cleveland","Houston",-128,116,"20160115"
"Atlanta","Toronto",140,-155,"20160310"
"Chicago","San Antonio",1332,-2100,"20160310"
"Phoenix","Denver",408,-480,"20160310"
"Cleveland","L.A. Lakers",-510,431,"20160310"
"Detroit","Washington",114,-126,"20160314"
"Dallas","Charlotte",202,-226,"20160314"
"Denver","Miami",256,-290,"20160314"
"Chicago","Toronto",400,-470,"20160314"
"Memphis","Houston",680,-864,"20160314"
"Portland","Oklahoma City",300,-343,"20160314"
"Cleveland","Utah",-280,248,"20160314"
"Minnesota","Phoenix",-109,-101,"20160314"
"New Orleans","Golden State",1665,-3000,"20160314"
"Denver","Charlotte",380,-444,"20160319"
"Oklahoma City","Indiana",-147,133,"20160319"
"Brooklyn","Detroit",442,-525,"20160319"
"New York","Washington",318,-365,"20160319"
"Cleveland","Miami",-172,155,"20160319"
"Houston","Atlanta",235,-265,"20160319"
"Utah","Chicago",102,-113,"20160319"
"L.A. Clippers","Memphis",-465,397,"20160319"
"Golden State","San Antonio",171,-190,"20160319"
"Cleveland","Indiana",132,-146,"20161116"
"New Orleans","Orlando",288,-329,"20161116"
"Washington","Philadelphia",-300,264,"20161116"
"Milwaukee","Atlanta",186,-208,"20161116"
"Dallas","Boston",214,-240,"20161116"
"Detroit","New York",108,-119,"20161116"
"Golden State","Toronto",-247,220,"20161116"
"Houston","Oklahoma City",125,-138,"20161116"
"Phoenix","Denver",164,-182,"20161116"
"San Antonio","Sacramento",-220,197,"20161116"
"Memphis","L.A. Clippers",916,-1250,"20161116"
"Indiana","Miami",-108,-102,"20161214"
"Toronto","Philadelphia",-350,305,"20161214"
"L.A. Clippers","Orlando",-350,305,"20161214"
"Charlotte","Washington",-124,112,"20161214"
"L.A. Lakers","Brooklyn",-114,103,"20161214"
"Cleveland","Memphis",269,-305,"20161214"
"Sacramento","Houston",861,-1155,"20161214"
"Detroit","Dallas",-200,180,"20161214"
"Oklahoma City","Utah",275,-313,"20161214"
"Boston","San Antonio",205,-230,"20161214"
"Memphis","Orlando",-150,136,"20161226"
"Milwaukee","Washington",149,-165,"20161226"
"Cleveland","Detroit",191,-213,"20161226"
"Charlotte","Brooklyn",-250,222,"20161226"
"Dallas","New Orleans",169,-188,"20161226"
"Phoenix","Houston",704,-900,"20161226"
"Atlanta","Minnesota",-118,107,"20161226"
"Indiana","Chicago",124,-137,"20161226"
"Toronto","Portland",-325,285,"20161226"
"Philadelphia","Sacramento",330,-380,"20161226"
"Denver","L.A. Clippers",-175,158,"20161226"
"Brooklyn","Miami",310,-355,"20170130"
"Orlando","Minnesota",314,-360,"20170130"
"Detroit","Boston",210,-235,"20170130"
"Cleveland","Dallas",-170,153,"20170130"
"Memphis","Phoenix",-171,154,"20170130"
"Sacramento","Philadelphia",-140,127,"20170130"
"Detroit","Philadelphia",-213,191,"20170304"
"Cleveland","Miami",326,-375,"20170304"
"Toronto","Milwaukee",104,-115,"20170304"
"L.A. Clippers","Chicago",-157,142,"20170304"
"Minnesota","San Antonio",281,-320,"20170304"
"Memphis","Houston",338,-390,"20170304"
"Charlotte","Denver",191,-213,"20170304"
"Brooklyn","Portland",516,-625,"20170304"
"Houston","Cleveland",-250,222,"20150107"
"New Orleans","Charlotte",-201,180,"20150107"
"Milwaukee","Philadelphia",-271,240,"20150107"
"New York","Washington",1322,-2222,"20150107"
"Boston","Brooklyn",171,-190,"20150107"
"Memphis","Atlanta",153,-170,"20150107"
"Utah","Chicago",545,-665,"20150107"
"Detroit","Dallas",400,-470,"20150107"
"Orlando","Denver",252,-285,"20150107"
"Phoenix","Minnesota",-375,326,"20150107"
"Oklahoma City","Sacramento",-317,279,"20150107"
"Indiana","Golden State",614,-765,"20150107"
"L.A. Lakers","L.A. Clippers",538,-656,"20150107"
"Miami","Chicago",297,-340,"20150125"
"Oklahoma City","Cleveland",145,-161,"20150125"
"Indiana","Orlando",-114,103,"20150125"
"Dallas","New Orleans",-152,137,"20150125"
"Minnesota","Atlanta",1900,-4000,"20150125"
"L.A. Clippers","Phoenix",-128,116,"20150125"
"Detroit","Toronto",330,-380,"20150125"
"Milwaukee","San Antonio",704,-900,"20150125"
"Washington","Denver",-147,133,"20150125"
"Boston","Golden State",2500,-5000,"20150125"
"Houston","L.A. Lakers",-405,350,"20150125"
"Detroit","Philadelphia",-325,285,"20150128"
"Portland","Cleveland",125,-138,"20150128"
"Brooklyn","Atlanta",1125,-1650,"20150128"
"Sacramento","Toronto",194,-217,"20150128"
"Boston","Minnesota",-170,153,"20150128"
"Denver","New Orleans",205,-230,"20150128"
"Dallas","Houston",153,-170,"20150128"
"Oklahoma City","New York",-343,300,"20150128"
"Charlotte","San Antonio",975,-1400,"20150128"
"L.A. Clippers","Utah",-280,248,"20150128"
"Washington","Phoenix",199,-223,"20150128"
"Detroit","Indiana",157,-174,"20150204"
"Brooklyn","Toronto",292,-333,"20150204"
"Washington","Atlanta",201,-225,"20150204"
"Denver","Boston",145,-161,"20150204"
"Chicago","Houston",127,-140,"20150204"
"Miami","Minnesota",114,-126,"20150204"
"L.A. Lakers","Milwaukee",385,-450,"20150204"
"Oklahoma City","New Orleans",152,-169,"20150204"
"Orlando","San Antonio",1075,-1600,"20150204"
"Memphis","Utah",-265,235,"20150204"
"Dallas","Golden State",314,-360,"20150204"
"Chicago","Philadelphia",-260,231,"20150311"
"Sacramento","Charlotte",301,-345,"20150311"
"Memphis","Boston",-240,214,"20150311"
"Brooklyn","Miami",162,-180,"20150311"
"Orlando","Milwaukee",314,-360,"20150311"
"L.A. Clippers","Oklahoma City",238,-268,"20150311"
"Atlanta","Denver",-300,264,"20150311"
"Minnesota","Phoenix",181,-202,"20150311"
"Houston","Portland",122,-135,"20150311"
"Detroit","Golden State",1200,-2000,"20150311"
"Detroit","Charlotte",121,-134,"20151207"
"San Antonio","Philadelphia",-600,498,"20151207"
"Dallas","New York",102,-113,"20151207"
"L.A. Lakers","Toronto",622,-777,"20151207"
"Washington","Miami",333,-384,"20151207"
"Boston","New Orleans",-110,100,"20151207"
"Phoenix","Chicago",252,-285,"20151207"
"Portland","Milwaukee",-121,110,"20151207"
"L.A. Clippers","Minnesota",-178,160,"20151207"
"Golden State","Philadelphia",-4750,2122,"20160130"
"Detroit","Toronto",292,-333,"20160130"
"Denver","Indiana",399,-468,"20160130"
"Brooklyn","New Orleans",400,-470,"20160130"
"Washington","Houston",151,-167,"20160130"
"Sacramento","Memphis",159,-177,"20160130"
"San Antonio","Cleveland",-117,106,"20160130"
"Detroit","Charlotte",195,-218,"20161207"
"Boston","Orlando",-107,-103,"20161207"
"Denver","Brooklyn",-179,161,"20161207"
"Miami","Atlanta",365,-425,"20161207"
"L.A. Lakers","Houston",944,-1300,"20161207"
"Cleveland","New York",-357,311,"20161207"
"Portland","Milwaukee",112,-124,"20161207"
"Sacramento","Dallas",-155,140,"20161207"
"Indiana","Phoenix",-168,152,"20161207"
"Golden State","L.A. Clippers",-165,149,"20161207"
"Charlotte","Philadelphia",-213,191,"20170113"
"Brooklyn","Toronto",1453,-2400,"20170113"
"Boston","Atlanta",139,-154,"20170113"
"Miami","Milwaukee",295,-337,"20170113"
"Memphis","Houston",282,-321,"20170113"
"Oklahoma City","Minnesota",-120,109,"20170113"
"Orlando","Portland",264,-300,"20170113"
"Detroit","Utah",534,-650,"20170113"
"Cleveland","Sacramento",-255,227,"20170113"
"Orlando","Atlanta",269,-305,"20170204"
"Detroit","Indiana",132,-146,"20170204"
"New Orleans","Washington",241,-272,"20170204"
"Philadelphia","Miami",369,-430,"20170204"
"Cleveland","New York",-179,161,"20170204"
"Memphis","Minnesota",158,-175,"20170204"
"Denver","San Antonio",861,-1155,"20170204"
"Milwaukee","Phoenix",-115,104,"20170204"
"Charlotte","Utah",326,-375,"20170204"
"Golden State","Sacramento",337,-401,"20170204"
"New York","Orlando",122,-135,"20170301"
"Washington","Toronto",162,-180,"20170301"
"Philadelphia","Miami",399,-468,"20170301"
"Dallas","Atlanta",211,-237,"20170301"
"Cleveland","Boston",112,-124,"20170301"
"Denver","Milwaukee",167,-186,"20170301"
"Detroit","New Orleans",130,-144,"20170301"
"Indiana","San Antonio",465,-555,"20170301"
"Minnesota","Utah",231,-260,"20170301"
"Houston","L.A. Clippers",129,-143,"20170301"
"Brooklyn","Sacramento",122,-135,"20170301"
"Dallas","Washington",-144,130,"20141119"
"San Antonio","Cleveland",106,-117,"20141119"
"L.A. Clippers","Orlando",-200,180,"20141119"
"Boston","Philadelphia",-260,231,"20141119"
"Charlotte","Indiana",120,-133,"20141119"
"Phoenix","Detroit",-137,124,"20141119"
"Milwaukee","Brooklyn",239,-270,"20141119"
"Memphis","Toronto",210,-235,"20141119"
"New York","Minnesota",103,-114,"20141119"
"Oklahoma City","Denver",277,-315,"20141119"
"L.A. Lakers","Houston",638,-800,"20141119"
"Brooklyn","Philadelphia",-315,277,"20141126"
"Washington","Cleveland",295,-337,"20141126"
"Golden State","Orlando",-350,305,"20141126"
"Portland","Charlotte",-250,222,"20141126"
"L.A. Clippers","Detroit",-444,380,"20141126"
"Toronto","Atlanta",-163,147,"20141126"
"New York","Dallas",1200,-2000,"20141126"
"Milwaukee","Minnesota",-105,-105,"20141126"
"Sacramento","Houston",180,-201,"20141126"
"Utah","Oklahoma City",173,-193,"20141126"
"Indiana","San Antonio",915,-1250,"20141126"
"Denver","Phoenix",271,-308,"20141126"
"Memphis","L.A. Lakers",-305,269,"20141126"
"New York","Chicago",816,-1100,"20141218"
"New Orleans","Houston",171,-190,"20141218"
"Milwaukee","Sacramento",277,-315,"20141218"
"Oklahoma City","Golden State",125,-138,"20141218"
"New York","Atlanta",285,-325,"20160105"
"Milwaukee","Chicago",346,-400,"20160105"
"Sacramento","Dallas",264,-300,"20160105"
"Golden State","L.A. Lakers",-1650,1126,"20160105"
"Boston","New York",-180,162,"20160202"
"Miami","Houston",164,-182,"20160202"
"Toronto","Phoenix",-455,389,"20160202"
"Milwaukee","Portland",264,-300,"20160202"
"Minnesota","L.A. Lakers",-175,160,"20160202"
"Minnesota","Charlotte",446,-530,"20160307"
"Memphis","Cleveland",1581,-2750,"20160307"
"San Antonio","Indiana",-275,244,"20160307"
"Sacramento","New Orleans",-119,108,"20160307"
"Milwaukee","Chicago",169,-188,"20160307"
"L.A. Clippers","Dallas",-213,191,"20160307"
"Orlando","Golden State",1414,-2300,"20160307"
"Denver","Orlando",-123,111,"20161210"
"Milwaukee","Washington",159,-177,"20161210"
"Portland","Indiana",-102,-108,"20161210"
"Charlotte","Cleveland",277,-315,"20161210"
"Dallas","Houston",704,-900,"20161210"
"Miami","Chicago",371,-432,"20161210"
"Golden State","Memphis",-950,736,"20161210"
"Brooklyn","San Antonio",1341,-2121,"20161210"
"Sacramento","Utah",205,-230,"20161210"
"New Orleans","L.A. Clippers",1077,-1550,"20161210"
"Brooklyn","Orlando",267,-303,"20161216"
"Detroit","Washington",-115,104,"20161216"
"Atlanta","Toronto",241,-272,"20161216"
"Charlotte","Boston",219,-246,"20161216"
"Milwaukee","Chicago",202,-226,"20161216"
"Sacramento","Memphis",175,-195,"20161216"
"New Orleans","Houston",665,-840,"20161216"
"L.A. Lakers","Philadelphia",-100,-110,"20161216"
"L.A. Clippers","Miami",-333,292,"20161216"
"Dallas","Utah",548,-670,"20161216"
"L.A. Clippers","Charlotte",127,-140,"20170211"
"Milwaukee","Indiana",222,-250,"20170211"
"Miami","Philadelphia",-128,116,"20170211"
"Denver","Cleveland",638,-800,"20170211"
"Golden State","Oklahoma City",-333,292,"20170211"
"Phoenix","Houston",1453,-2399,"20170211"
"Orlando","Dallas",227,-255,"20170211"
"Boston","Utah",240,-271,"20170211"
"Toronto","New York",-172,155,"20170227"
"Milwaukee","Cleveland",427,-505,"20170227"
"Golden State","Philadelphia",-1800,1198,"20170227"
"Atlanta","Boston",170,-189,"20170227"
"Indiana","Houston",431,-510,"20170227"
"Miami","Dallas",-100,-110,"20170227"
"Minnesota","Sacramento",-180,162,"20170227"
"Sacramento","Oklahoma City",861,-1155,"20170318"
"Portland","Atlanta",120,-133,"20170318"
"Washington","Charlotte",166,-185,"20170318"
"Cleveland","L.A. Clippers",944,-1300,"20170318"
"Utah","Chicago",-245,218,"20170318"
"San Antonio","Memphis",-166,150,"20170318"
"Houston","Denver",-130,118,"20170318"
"Milwaukee","Golden State",461,-550,"20170318"
"Boston","Orlando",111,-123,"20141223"
"Chicago","Washington",127,-140,"20141223"
"New Orleans","Indiana",-114,103,"20141223"
"Minnesota","Cleveland",1400,-2400,"20141223"
"Denver","Brooklyn",146,-162,"20141223"
"Philadelphia","Miami",300,-343,"20141223"
"L.A. Clippers","Atlanta",109,-120,"20141223"
"Portland","Oklahoma City",173,-193,"20141223"
"Charlotte","Milwaukee",205,-230,"20141223"
"Dallas","Phoenix",107,-118,"20141223"
"Golden State","L.A. Lakers",-625,516,"20141223"
"Detroit","Charlotte",107,-118,"20150210"
"Brooklyn","Memphis",704,-900,"20150210"
"Houston","Phoenix",122,-135,"20150210"
"Sacramento","Chicago",569,-700,"20150210"
"Denver","L.A. Lakers",100,-110,"20150210"
"Indiana","Philadelphia",-240,214,"20151118"
"Minnesota","Orlando",181,-202,"20151118"
"Brooklyn","Charlotte",222,-250,"20151118"
"Dallas","Boston",171,-190,"20151118"
"New Orleans","Oklahoma City",767,-1000,"20151118"
"Portland","Houston",250,-283,"20151118"
"Sacramento","Atlanta",126,-139,"20151118"
"Denver","San Antonio",975,-1357,"20151118"
"Toronto","Utah",160,-178,"20151118"
"Chicago","Phoenix",136,-150,"20151118"
"Brooklyn","Orlando",300,-343,"20151230"
"L.A. Clippers","Charlotte",-131,119,"20151230"
"L.A. Lakers","Boston",998,-1400,"20151230"
"Washington","Toronto",277,-315,"20151230"
"Indiana","Chicago",136,-150,"20151230"
"Utah","Minnesota",150,-166,"20151230"
"Golden State","Dallas",-160,144,"20151230"
"Phoenix","San Antonio",1382,-2222,"20151230"
"Denver","Portland",227,-255,"20151230"
"Philadelphia","Sacramento",512,-620,"20151230"
"Chicago","Charlotte",277,-315,"20160208"
"Sacramento","Cleveland",704,-900,"20160208"
"L.A. Clippers","Philadelphia",-425,365,"20160208"
"L.A. Lakers","Indiana",767,-1000,"20160208"
"Denver","Brooklyn",-138,125,"20160208"
"Toronto","Detroit",-120,109,"20160208"
"New Orleans","Minnesota",119,-131,"20160208"
"Orlando","Atlanta",365,-425,"20160208"
"Portland","Memphis",137,-152,"20160208"
"Oklahoma City","Phoenix",-1100,828,"20160208"
"Boston","Indiana",125,-138,"20160315"
"Denver","Orlando",153,-170,"20160315"
"Philadelphia","Brooklyn",256,-290,"20160315"
"Toronto","Milwaukee",110,-121,"20160315"
"L.A. Clippers","San Antonio",427,-505,"20160315"
"Sacramento","L.A. Lakers",-195,175,"20160315"
"Denver","Washington",186,-208,"20161208"
"Minnesota","Toronto",416,-490,"20161208"
"Portland","Memphis",-140,127,"20161208"
"Philadelphia","New Orleans",218,-245,"20161208"
"Golden State","Utah",-750,604,"20161208"
"San Antonio","Chicago",-158,143,"20161208"
"Toronto","Brooklyn",-400,346,"20170117"
"Houston","Miami",-295,260,"20170117"
"Dallas","Chicago",180,-200,"20170117"
"Minnesota","San Antonio",638,-800,"20170117"
"Denver","L.A. Lakers",-106,-104,"20170117"
"Golden State","Orlando",-1800,1198,"20170122"
"L.A. Lakers","Dallas",205,-230,"20170122"
"Phoenix","Toronto",671,-850,"20170122"
"Denver","Minnesota",144,-160,"20170122"
"Phoenix","Philadelphia",-444,380,"20141121"
"Orlando","Charlotte",150,-166,"20141121"
"Detroit","Atlanta",199,-222,"20141121"
"Milwaukee","Toronto",373,-435,"20141121"
"Cleveland","Washington",-106,-104,"20141121"
"Boston","Memphis",222,-250,"20141121"
"San Antonio","Minnesota",-750,604,"20141121"
"Brooklyn","Oklahoma City",102,-113,"20141121"
"L.A. Lakers","Dallas",534,-650,"20141121"
"New Orleans","Denver",-133,120,"20141121"
"Utah","Golden State",681,-865,"20141121"
"Chicago","Portland",314,-360,"20141121"
"Atlanta","Washington",154,-171,"20141125"
"Golden State","Miami",-312,274,"20141125"
"Detroit","Milwaukee",147,-163,"20141125"
"Sacramento","New Orleans",214,-240,"20141125"
"Chicago","Denver",166,-185,"20141125"
"Utah","Orlando",158,-175,"20141219"
"Charlotte","Philadelphia",-185,166,"20141219"
"Minnesota","Boston",222,-250,"20141219"
"Toronto","Detroit",-300,264,"20141219"
"Brooklyn","Cleveland",545,-665,"20141219"
"Washington","Miami",-230,205,"20141219"
"Chicago","Memphis",232,-261,"20141219"
"Portland","San Antonio",173,-193,"20141219"
"L.A. Clippers","Denver",-161,145,"20141219"
"Oklahoma City","L.A. Lakers",-218,195,"20141219"
"Minnesota","Philadelphia",-170,153,"20150130"
"Portland","Atlanta",190,-212,"20150130"
"Toronto","Brooklyn",-319,280,"20150130"
"Houston","Boston",-285,252,"20150130"
"Sacramento","Cleveland",487,-585,"20150130"
"L.A. Clippers","New Orleans",-425,365,"20150130"
"Dallas","Miami",-337,295,"20150130"
"Golden State","Utah",-530,446,"20150130"
"Chicago","Phoenix",222,-250,"20150130"
"L.A. Clippers","Oklahoma City",264,-300,"20150208"
"L.A. Lakers","Cleveland",1322,-2222,"20150208"
"Atlanta","Memphis",132,-146,"20150208"
"Indiana","Charlotte",-128,116,"20150208"
"Minnesota","Detroit",281,-320,"20150208"
"Chicago","Orlando",-259,230,"20150208"
"San Antonio","Toronto",-118,107,"20150208"
"Portland","Houston",163,-181,"20150208"
"Phoenix","Sacramento",-330,289,"20150208"
"Toronto","Charlotte",105,-116,"20150306"
"Chicago","Indiana",219,-246,"20150306"
"Sacramento","Orlando",-150,136,"20150306"
"Utah","Philadelphia",-300,264,"20150306"
"Phoenix","Brooklyn",120,-133,"20150306"
"Cleveland","Atlanta",-116,105,"20150306"
"L.A. Lakers","Memphis",546,-667,"20150306"
"Detroit","Houston",285,-325,"20150306"
"Boston","New Orleans",256,-290,"20150306"
"Denver","San Antonio",624,-780,"20150306"
"Dallas","Golden State",625,-781,"20150306"
"Cleveland","Indiana",-208,186,"20160201"
"Detroit","Brooklyn",-283,250,"20160201"
"Dallas","Atlanta",222,-250,"20160201"
"Memphis","New Orleans",135,-149,"20160201"
"Washington","Oklahoma City",450,-535,"20160201"
"Orlando","San Antonio",1768,-3333,"20160201"
"Chicago","Utah",199,-222,"20160201"
"Toronto","Denver",-179,161,"20160201"
"Milwaukee","Sacramento",114,-126,"20160201"
"Portland","Houston",182,-203,"20160206"
"Washington","Charlotte",169,-188,"20160206"
"Detroit","Indiana",149,-165,"20160206"
"New Orleans","Cleveland",456,-543,"20160206"
"Brooklyn","Philadelphia",-105,-105,"20160206"
"Dallas","Memphis",186,-208,"20160206"
"Chicago","Minnesota",150,-166,"20160206"
"L.A. Lakers","San Antonio",1950,-4000,"20160206"
"Utah","Phoenix",-275,244,"20160206"
"Oklahoma City","Golden State",300,-343,"20160206"
"Chicago","Orlando",173,-193,"20160302"
"Charlotte","Philadelphia",-515,435,"20160302"
"Portland","Boston",219,-246,"20160302"
"Utah","Toronto",191,-213,"20160302"
"Sacramento","Memphis",144,-160,"20160302"
"New Orleans","Houston",205,-230,"20160302"
"Washington","Minnesota",-155,140,"20160302"
"Indiana","Milwaukee",-147,133,"20160302"
"Detroit","San Antonio",552,-675,"20160302"
"L.A. Lakers","Denver",379,-442,"20160302"
"Oklahoma City","L.A. Clippers",-113,102,"20160302"
"Atlanta","New York",-190,171,"20161120"
"Portland","Brooklyn",-180,162,"20161120"
"Indiana","Oklahoma City",404,-475,"20161120"
"Utah","Denver",150,-166,"20161120"
"Toronto","Sacramento",-162,146,"20161120"
"Chicago","L.A. Lakers",112,-124,"20161120"
"Chicago","Washington",585,-723,"20170110"
"Boston","Toronto",195,-218,"20170110"
"Atlanta","Brooklyn",-357,311,"20170110"
"Charlotte","Houston",408,-480,"20170110"
"Milwaukee","San Antonio",450,-535,"20170110"
"Cleveland","Utah",-105,-105,"20170110"
"Portland","L.A. Lakers",-131,119,"20170110"
"Miami","Golden State",1244,-1900,"20170110"
"Detroit","Sacramento",129,-143,"20170110"
"New York","Toronto",456,-543,"20170115"
"Milwaukee","Atlanta",155,-172,"20170115"
"Minnesota","Dallas",-107,-103,"20170115"
"Houston","Brooklyn",-2000,1289,"20170115"
"Chicago","Memphis",314,-360,"20170115"
"Oklahoma City","Sacramento",-120,109,"20170115"
"Detroit","L.A. Lakers",-125,113,"20170115"
"Chicago","Charlotte",273,-310,"20170313"
"Dallas","Toronto",180,-200,"20170313"
"Atlanta","San Antonio",270,-307,"20170313"
"Milwaukee","Memphis",153,-170,"20170313"
"Washington","Minnesota",125,-138,"20170313"
"L.A. Clippers","Utah",125,-138,"20170313"
"L.A. Lakers","Denver",736,-950,"20170313"
"Orlando","Sacramento",-121,110,"20170313"
"Atlanta","Cleveland",264,-300,"20141217"
"Phoenix","Charlotte",-145,131,"20141217"
"Utah","Miami",140,-155,"20141217"
"Dallas","Detroit",-300,264,"20141217"
"Orlando","Boston",139,-154,"20141217"
"Brooklyn","Toronto",827,-1111,"20141217"
"Memphis","San Antonio",140,-155,"20141217"
"Milwaukee","Portland",461,-550,"20141217"
"Houston","Denver",-143,129,"20141217"
"Indiana","L.A. Clippers",597,-740,"20141217"
"Utah","Milwaukee",334,-385,"20150122"
"San Antonio","Chicago",-220,197,"20150122"
"Boston","Portland",253,-286,"20150122"
"Brooklyn","L.A. Clippers",915,-1250,"20150122"
"Minnesota","New York",111,-122,"20150319"
"Denver","Houston",260,-295,"20150319"
"New Orleans","Phoenix",134,-148,"20150319"
"Utah","L.A. Lakers",-185,166,"20150319"
"Dallas","Minnesota",-174,157,"20160110"
"New Orleans","L.A. Clippers",400,-470,"20160110"
"Cleveland","Philadelphia",-4400,2045,"20160110"
"Boston","Memphis",-143,129,"20160110"
"Indiana","Houston",125,-138,"20160110"
"Milwaukee","New York",195,-218,"20160110"
"Charlotte","Denver",-115,104,"20160110"
"Oklahoma City","Portland",-330,289,"20160110"
"Utah","L.A. Lakers",-147,133,"20160110"
"Minnesota","Philadelphia",-193,173,"20170103"
"Utah","Boston",200,-224,"20170103"
"Indiana","Detroit",190,-212,"20170103"
"Toronto","San Antonio",227,-255,"20170103"
"Washington","Dallas",106,-117,"20170103"
"Miami","Phoenix",186,-208,"20170103"
"Sacramento","Denver",147,-163,"20170103"
"Memphis","L.A. Lakers",-195,175,"20170103"
"Philadelphia","Brooklyn",106,-117,"20170108"
"Miami","L.A. Clippers",400,-470,"20170108"
"Washington","Milwaukee",-103,-107,"20170108"
"Houston","Toronto",-124,112,"20170108"
"Utah","Memphis",118,-130,"20170108"
"Cleveland","Phoenix",-390,338,"20170108"
"Golden State","Sacramento",-675,552,"20170108"
"Orlando","L.A. Lakers",132,-146,"20170108"
"Detroit","Portland",148,-164,"20170108"
"Utah","Cleveland",326,-375,"20170316"
"Oklahoma City","Toronto",122,-135,"20170316"
"Memphis","Atlanta",158,-175,"20170316"
"Brooklyn","New York",194,-217,"20170316"
"L.A. Clippers","Denver",205,-230,"20170316"
"Orlando","Golden State",916,-1250,"20170316"
"New Orleans","Orlando",158,-175,"20151228"
"Atlanta","Indiana",107,-118,"20151228"
"L.A. Lakers","Charlotte",861,-1155,"20151228"
"L.A. Clippers","Washington",108,-118,"20151228"
"Brooklyn","Miami",300,-343,"20151228"
"Toronto","Chicago",108,-119,"20151228"
"Minnesota","San Antonio",1051,-1500,"20151228"
"Milwaukee","Dallas",202,-226,"20151228"
"Philadelphia","Utah",338,-390,"20151228"
"Cleveland","Phoenix",-485,412,"20151228"
"Sacramento","Golden State",1198,-1800,"20151228"
"Phoenix","New York",235,-265,"20160129"
"Cleveland","Detroit",-162,146,"20160129"
"Orlando","Boston",326,-375,"20160129"
"Miami","Milwaukee",-107,-103,"20160129"
"Houston","Oklahoma City",300,-343,"20160129"
"Brooklyn","Dallas",310,-355,"20160129"
"Minnesota","Utah",354,-410,"20160129"
"Charlotte","Portland",199,-222,"20160129"
"L.A. Lakers","L.A. Clippers",1198,-1800,"20160129"
"Charlotte","Indiana",-110,-100,"20161212"
"Milwaukee","Toronto",305,-350,"20161212"
"Washington","Miami",-118,107,"20161212"
"Brooklyn","Houston",798,-1050,"20161212"
"Denver","Dallas",-132,120,"20161212"
"L.A. Lakers","Sacramento",305,-350,"20161212"
"Portland","L.A. Clippers",431,-510,"20161212"
"Indiana","Minnesota",140,-155,"20170126"
"Dallas","Oklahoma City",410,-482,"20170126"
"Phoenix","Denver",235,-265,"20170126"
"L.A. Lakers","Utah",858,-1150,"20170126"
"Toronto","Orlando",-205,184,"20170203"
"Minnesota","Detroit",169,-188,"20170203"
"Indiana","Brooklyn",-260,231,"20170203"
"Memphis","Oklahoma City",-107,-103,"20170203"
"Chicago","Houston",447,-531,"20170203"
"L.A. Lakers","Boston",545,-665,"20170203"
"Milwaukee","Denver",130,-144,"20170203"
"Dallas","Portland",233,-262,"20170203"
"Phoenix","Sacramento",158,-175,"20170203"
"Indiana","Cleveland",222,-250,"20170215"
"San Antonio","Orlando",-585,487,"20170215"
"Dallas","Detroit",166,-185,"20170215"
"Milwaukee","Brooklyn",-216,193,"20170215"
"Philadelphia","Boston",465,-555,"20170215"
"Charlotte","Toronto",219,-246,"20170215"
"Miami","Houston",480,-575,"20170215"
"New Orleans","Memphis",295,-337,"20170215"
"Minnesota","Denver",227,-255,"20170215"
"L.A. Lakers","Phoenix",160,-178,"20170215"
"Portland","Utah",362,-421,"20170215"
"New York","Oklahoma City",273,-310,"20170215"
"Atlanta","L.A. Clippers",147,-163,"20170215"
"Sacramento","Golden State",2111,-4700,"20170215"
"Sacramento","Boston",-118,107,"20141231"
"Miami","Indiana",147,-163,"20141231"
"New York","L.A. Clippers",816,-1100,"20141231"
"Milwaukee","Cleveland",-106,-104,"20141231"
"New Orleans","San Antonio",180,-200,"20141231"
"Charlotte","Houston",638,-800,"20141231"
"Phoenix","Oklahoma City",302,-346,"20141231"
"Oklahoma City","Charlotte",-181,163,"20150221"
"New Orleans","Miami",118,-130,"20150221"
"Phoenix","Chicago",314,-360,"20150221"
"Toronto","Houston",118,-130,"20150221"
"Sacramento","L.A. Clippers",456,-543,"20150221"
"Orlando","Cleveland",346,-400,"20151123"
"Sacramento","Charlotte",145,-162,"20151123"
"New York","Miami",186,-208,"20151123"
"Philadelphia","Minnesota",264,-300,"20151123"
"Detroit","Milwaukee",-147,133,"20151123"
"Phoenix","San Antonio",456,-543,"20151123"
"Oklahoma City","Utah",116,-128,"20151123"
"Sacramento","Washington",131,-145,"20151221"
"Minnesota","Boston",281,-320,"20151221"
"Orlando","New York",135,-149,"20151221"
"Brooklyn","Chicago",569,-700,"20151221"
"Portland","Atlanta",534,-650,"20151221"
"Charlotte","Houston",142,-157,"20151221"
"Indiana","San Antonio",423,-500,"20151221"
"Phoenix","Utah",159,-177,"20151221"
"Oklahoma City","L.A. Clippers",-126,114,"20151221"
"Milwaukee","Indiana",199,-223,"20151231"
"Minnesota","Detroit",289,-315,"20151231"
"Golden State","Houston",140,-155,"20151231"
"Phoenix","Oklahoma City",1414,-2300,"20151231"
"L.A. Clippers","New Orleans",116,-128,"20151231"
"Portland","Utah",140,-155,"20151231"
"Atlanta","New York",-180,162,"20160103"
"Chicago","Toronto",154,-171,"20160103"
"Miami","Washington",-115,104,"20160103"
"Portland","Denver",-120,109,"20160103"
"Phoenix","L.A. Lakers",-111,101,"20160103"
"Miami","Philadelphia",-500,423,"20160304"
"Indiana","Charlotte",134,-148,"20160304"
"Phoenix","Orlando",767,-1000,"20160304"
"Portland","Toronto",199,-223,"20160304"
"New York","Boston",456,-543,"20160304"
"Washington","Cleveland",330,-380,"20160304"
"Utah","Memphis",-123,111,"20160304"
"Minnesota","Milwaukee",186,-208,"20160304"
"Brooklyn","Denver",210,-235,"20160304"
"Atlanta","L.A. Lakers",-650,534,"20160304"
"Oklahoma City","Philadelphia",-3333,1768,"20160318"
"Cleveland","Orlando",-543,456,"20160318"
"Sacramento","Detroit",273,-310,"20160318"
"Boston","Toronto",116,-128,"20160318"
"Portland","New Orleans",-135,122,"20160318"
"Minnesota","Houston",400,-470,"20160318"
"Golden State","Dallas",-444,380,"20160318"
"Phoenix","L.A. Lakers",157,-174,"20160318"
"Orlando","Cleveland",545,-665,"20141124"
"Portland","Philadelphia",-1050,795,"20141124"
"L.A. Clippers","Charlotte",-172,155,"20141124"
"Phoenix","Toronto",173,-193,"20141124"
"New York","Houston",210,-235,"20141124"
"Indiana","Dallas",1075,-1600,"20141124"
"Chicago","Utah",-152,137,"20141124"
"Washington","Atlanta",153,-170,"20150111"
"Miami","L.A. Clippers",465,-555,"20150111"
"Phoenix","Memphis",141,-156,"20150111"
"Cleveland","Sacramento",140,-155,"20150111"
"Portland","L.A. Lakers",-235,210,"20150111"
"Golden State","Indiana",-218,195,"20151208"
"Portland","Cleveland",404,-475,"20151208"
"Houston","Brooklyn",-205,184,"20151208"
"Oklahoma City","Memphis",-128,116,"20151208"
"Orlando","Denver",-160,144,"20151208"
"Utah","Sacramento",131,-145,"20151208"
"Cleveland","Washington",-137,124,"20160228"
"Charlotte","Atlanta",171,-190,"20160228"
"Toronto","Detroit",111,-123,"20160228"
"Portland","Indiana",205,-230,"20160228"
"Philadelphia","Orlando",412,-485,"20160228"
"Minnesota","Dallas",289,-330,"20160228"
"Miami","New York",-125,113,"20160228"
"Phoenix","Indiana",173,-193,"20161118"
"Atlanta","Charlotte",114,-126,"20161118"
"Detroit","Cleveland",354,-411,"20161118"
"Brooklyn","Oklahoma City",446,-530,"20161118"
"Golden State","Boston",-411,354,"20161118"
"Portland","New Orleans",-109,-101,"20161118"
"Memphis","Dallas",-161,145,"20161118"
"Toronto","Denver",-161,145,"20161118"
"L.A. Clippers","Sacramento",-385,334,"20161118"
"San Antonio","L.A. Lakers",-320,281,"20161118"
"Charlotte","Indiana",142,-157,"20170315"
"Dallas","Washington",273,-310,"20170315"
"Minnesota","Boston",209,-234,"20170315"
"New Orleans","Miami",214,-240,"20170315"
"Utah","Detroit",-143,129,"20170315"
"Memphis","Chicago",-135,122,"20170315"
"Portland","San Antonio",552,-675,"20170315"
"L.A. Lakers","Houston",2173,-5000,"20170315"
"Sacramento","Phoenix",180,-200,"20170315"
"Milwaukee","L.A. Clippers",273,-310,"20170315"
"Utah","Washington",622,-777,"20141214"
"Chicago","Miami",-295,260,"20141214"
"Golden State","New Orleans",-265,235,"20141214"
"L.A. Lakers","Minnesota",-163,147,"20141214"
"Phoenix","Oklahoma City",277,-315,"20141214"
"Toronto","New York",-270,239,"20141214"
"San Antonio","Denver",-200,180,"20141214"
"Toronto","Philadelphia",-468,399,"20150302"
"Phoenix","Miami",117,-129,"20150302"
"Golden State","Brooklyn",-245,218,"20150302"
"L.A. Clippers","Minnesota",-250,222,"20150302"
"New Orleans","Dallas",314,-360,"20150302"
"Phoenix","Memphis",191,-213,"20151206"
"L.A. Lakers","Detroit",456,-543,"20151206"
"Golden State","Brooklyn",-700,569,"20151206"
"Dallas","Washington",-128,116,"20151206"
"Sacramento","Oklahoma City",638,-800,"20151206"
"Charlotte","L.A. Clippers",346,-400,"20160109"
"Chicago","Atlanta",129,-143,"20160109"
"Washington","Orlando",139,-154,"20160109"
"Brooklyn","Detroit",534,-650,"20160109"
"Toronto","Philadelphia",-444,380,"20160109"
"Miami","Utah",-120,109,"20160109"
"Golden State","Sacramento",-410,354,"20160109"
"Chicago","L.A. Clippers",162,-180,"20160131"
"Boston","Orlando",-177,159,"20160131"
"Atlanta","Miami",-145,131,"20160131"
"Phoenix","Dallas",346,-400,"20160131"
"Golden State","New York",-700,569,"20160131"
"Minnesota","Portland",235,-265,"20160131"
"Charlotte","L.A. Lakers",-165,149,"20160131"
"Philadelphia","Detroit",675,-856,"20161211"
"Boston","Oklahoma City",144,-160,"20161211"
"Golden State","Minnesota",-490,416,"20161211"
"New Orleans","Phoenix",111,-123,"20161211"
"New York","L.A. Lakers",-132,120,"20161211"
"Washington","Charlotte",227,-255,"20170123"
"Sacramento","Detroit",250,-283,"20170123"
"San Antonio","Brooklyn",-370,322,"20170123"
"Golden State","Miami",-675,552,"20170123"
"L.A. Clippers","Atlanta",273,-310,"20170123"
"Houston","Milwaukee",-190,171,"20170123"
"Cleveland","New Orleans",-510,431,"20170123"
"New York","Indiana",195,-218,"20170123"
"Oklahoma City","Utah",175,-195,"20170123"
"New York","Atlanta",210,-235,"20170129"
"Oklahoma City","Cleveland",297,-340,"20170129"
"Washington","New Orleans",-110,100,"20170129"
"Orlando","Toronto",516,-625,"20170129"
"Houston","Indiana",-160,144,"20170129"
"Dallas","San Antonio",767,-1000,"20170129"
"Philadelphia","Chicago",255,-289,"20170129"
"Golden State","Portland",-240,214,"20170129"
"Golden State","Washington",-295,260,"20170228"
"Portland","Detroit",149,-165,"20170228"
"Denver","Chicago",124,-137,"20170228"
"Phoenix","Memphis",377,-440,"20170228"
"Utah","Oklahoma City",-133,120,"20170228"
"Charlotte","L.A. Lakers",-205,184,"20170228"
"Washington","Charlotte",-121,110,"20150205"
"L.A. Clippers","Cleveland",165,-183,"20150205"
"Dallas","Sacramento",-142,129,"20150205"
"Phoenix","Portland",173,-192,"20150205"
"Miami","Orlando",-163,147,"20150225"
"New York","Boston",569,-700,"20150225"
"Dallas","Atlanta",361,-420,"20150225"
"Washington","Minnesota",122,-135,"20150225"
"Brooklyn","New Orleans",-137,124,"20150225"
"Philadelphia","Milwaukee",483,-580,"20150225"
"L.A. Clippers","Houston",142,-157,"20150225"
"Charlotte","Chicago",269,-305,"20150225"
"Phoenix","Denver",-234,209,"20150225"
"L.A. Lakers","Utah",442,-525,"20150225"
"Memphis","Sacramento",-280,248,"20150225"
"San Antonio","Portland",131,-145,"20150225"
"Washington","Cleveland",385,-450,"20151201"
"L.A. Lakers","Philadelphia",114,-126,"20151201"
"Phoenix","Brooklyn",-165,149,"20151201"
"Memphis","New Orleans",-108,-102,"20151201"
"Orlando","Minnesota",104,-115,"20151201"
"Dallas","Portland",104,-115,"20151201"
"Dallas","Charlotte",681,-865,"20161201"
"Milwaukee","Brooklyn",-213,191,"20161201"
"L.A. Clippers","Cleveland",149,-165,"20161201"
"Orlando","Memphis",-170,153,"20161201"
"Miami","Utah",256,-290,"20161201"
"Houston","Golden State",575,-708,"20161201"
"Washington","Indiana",180,-200,"20161219"
"Atlanta","Oklahoma City",138,-153,"20161219"
"Detroit","Chicago",117,-129,"20161219"
"Phoenix","Minnesota",218,-245,"20161219"
"Dallas","Denver",310,-355,"20161219"
"L.A. Clippers","Miami",-177,159,"20141120"
"Chicago","Sacramento",131,-145,"20141120"
"Philadelphia","Charlotte",545,-666,"20151120"
"Brooklyn","Boston",354,-411,"20151120"
"Detroit","Minnesota",-128,116,"20151120"
"New York","Oklahoma City",234,-264,"20151120"
"San Antonio","New Orleans",-310,273,"20151120"
"Houston","Memphis",129,-143,"20151120"
"Utah","Dallas",102,-113,"20151120"
"Phoenix","Denver",-155,140,"20151120"
"L.A. Clippers","Portland",-170,153,"20151120"
"Chicago","Golden State",400,-470,"20151120"
"Toronto","L.A. Lakers",-260,231,"20151120"
"Orlando","Charlotte",456,-543,"20160316"
"Dallas","Cleveland",201,-225,"20160316"
"Chicago","Washington",171,-190,"20160316"
"Oklahoma City","Boston",-205,184,"20160316"
"Atlanta","Detroit",-113,102,"20160316"
"Minnesota","Memphis",-165,149,"20160316"
"L.A. Clippers","Houston",157,-174,"20160316"
"New Orleans","Sacramento",138,-153,"20160316"
"New York","Golden State",1453,-2400,"20160316"
"Portland","Dallas",-115,104,"20160320"
"Orlando","Toronto",435,-515,"20160320"
"Boston","Philadelphia",-825,655,"20160320"
"L.A. Clippers","New Orleans",-530,446,"20160320"
"Utah","Milwaukee",-119,108,"20160320"
"Sacramento","New York",-196,176,"20160320"
"Cleveland","Washington",-114,103,"20170206"
"L.A. Lakers","New York",186,-208,"20170206"
"Oklahoma City","Indiana",181,-202,"20170206"
"L.A. Clippers","Toronto",239,-270,"20170206"
"Utah","Atlanta",-110,-100,"20170206"
"Philadelphia","Detroit",365,-425,"20170206"
"Miami","Minnesota",-102,-108,"20170206"
"Phoenix","New Orleans",211,-237,"20170206"
"Dallas","Denver",126,-139,"20170206"
"San Antonio","Memphis",-100,-110,"20170206"
"Chicago","Sacramento",151,-167,"20170206"
"Toronto","Cleveland",228,-257,"20141209"
"Portland","Detroit",-375,326,"20141209"
"Dallas","Memphis",122,-135,"20141209"
"New York","New Orleans",239,-270,"20141209"
"Milwaukee","Oklahoma City",483,-580,"20141209"
"San Antonio","Utah",-520,439,"20141209"
"Miami","Phoenix",159,-177,"20141209"
"Sacramento","L.A. Lakers",144,-160,"20141209"
"Denver","Charlotte",120,-133,"20141222"
"Portland","Houston",180,-200,"20141222"
"Utah","Memphis",326,-375,"20141222"
"Toronto","Chicago",158,-175,"20141222"
"Atlanta","Dallas",167,-186,"20141222"
"L.A. Clippers","San Antonio",-105,-105,"20141222"
"Sacramento","Golden State",610,-759,"20141222"
"Denver","Chicago",498,-600,"20150101"
"Sacramento","Minnesota",-178,160,"20150101"
"Sacramento","Miami",446,-530,"20151119"
"Milwaukee","Cleveland",498,-600,"20151119"
"Golden State","L.A. Clippers",-220,197,"20151119"
"Toronto","Orlando",-188,169,"20160114"
"Chicago","Philadelphia",-425,365,"20160114"
"Detroit","Memphis",-117,106,"20160114"
"Cleveland","San Antonio",248,-280,"20160114"
"Sacramento","Utah",134,-148,"20160114"
"L.A. Lakers","Golden State",2173,-5000,"20160114"
"L.A. Clippers","Indiana",-113,102,"20160126"
"Phoenix","Philadelphia",114,-126,"20160126"
"Washington","Toronto",318,-365,"20160126"
"Miami","Brooklyn",-152,137,"20160126"
"Oklahoma City","New York",-465,397,"20160126"
"Orlando","Milwaukee",188,-210,"20160126"
"Sacramento","Portland",184,-205,"20160126"
"Dallas","L.A. Lakers",-252,224,"20160126"
"New York","Washington",321,-369,"20170131"
"New Orleans","Toronto",282,-321,"20170131"
"Sacramento","Houston",704,-900,"20170131"
"Oklahoma City","San Antonio",400,-470,"20170131"
"Charlotte","Portland",148,-164,"20170131"
"Denver","L.A. Lakers",-109,-101,"20170131"
"Utah","Cleveland",485,-583,"20150121"
"Miami","Charlotte",200,-224,"20150121"
"New York","Philadelphia",-150,136,"20150121"
"Orlando","Detroit",305,-350,"20150121"
"Indiana","Atlanta",498,-600,"20150121"
"Toronto","Memphis",222,-250,"20150121"
"Dallas","Minnesota",-470,400,"20150121"
"L.A. Lakers","New Orleans",285,-325,"20150121"
"Oklahoma City","Washington",100,-110,"20150121"
"Portland","Phoenix",281,-320,"20150121"
"Brooklyn","Sacramento",191,-213,"20150121"
"Houston","Golden State",310,-355,"20150121"
"Philadelphia","Orlando",295,-337,"20160120"
"Miami","Washington",205,-230,"20160120"
"Boston","Toronto",138,-153,"20160120"
"Cleveland","Brooklyn",-1111,835,"20160120"
"Utah","New York",124,-137,"20160120"
"Detroit","Houston",139,-154,"20160120"
"Golden State","Chicago",-240,214,"20160120"
"Charlotte","Oklahoma City",435,-515,"20160120"
"Minnesota","Dallas",237,-267,"20160120"
"Sacramento","L.A. Lakers",-290,256,"20160120"
"Atlanta","Portland",-113,102,"20160120"
"Cleveland","Charlotte",-345,301,"20160203"
"Atlanta","Philadelphia",-305,269,"20160203"
"Indiana","Brooklyn",-270,239,"20160203"
"Detroit","Boston",162,-180,"20160203"
"Orlando","Oklahoma City",638,-800,"20160203"
"Golden State","Washington",-525,442,"20160203"
"Miami","Dallas",121,-134,"20160203"
"New Orleans","San Antonio",861,-1155,"20160203"
"Denver","Utah",305,-350,"20160203"
"Chicago","Sacramento",151,-167,"20160203"
"Minnesota","L.A. Clippers",545,-666,"20160203"
"Atlanta","Orlando",-130,118,"20170104"
"Oklahoma City","Charlotte",117,-129,"20170104"
"Milwaukee","New York",-157,142,"20170104"
"Chicago","Cleveland",164,-182,"20170104"
"Memphis","L.A. Clippers",-113,102,"20170104"
"Portland","Golden State",1528,-2600,"20170104"
"Miami","Sacramento",310,-355,"20170104"
"Washington","Philadelphia",-320,281,"20160226"
"Charlotte","Indiana",162,-180,"20160226"
"Orlando","New York",131,-145,"20160226"
"Cleveland","Toronto",-135,122,"20160226"
"Chicago","Atlanta",285,-325,"20160226"
"Denver","Dallas",205,-230,"20160226"
"L.A. Clippers","Sacramento",-198,178,"20160226"
"Memphis","L.A. Lakers",-208,186,"20160226"
"Orlando","Indiana",295,-337,"20161114"
"Oklahoma City","Detroit",-106,-104,"20161114"
"Dallas","New York",152,-169,"20161114"
"Boston","New Orleans",-160,144,"20161114"
"Philadelphia","Houston",638,-800,"20161114"
"Miami","San Antonio",573,-705,"20161114"
"Memphis","Utah",225,-253,"20161114"
"Brooklyn","L.A. Clippers",1950,-4000,"20161114"
"New Orleans","Cleveland",400,-470,"20170102"
"Oklahoma City","Milwaukee",111,-123,"20170102"
"Utah","Brooklyn",-271,240,"20170102"
"Orlando","New York",155,-172,"20170102"
"Washington","Houston",298,-341,"20170102"
"Charlotte","Chicago",-115,104,"20170102"
"Denver","Golden State",1332,-2100,"20170102"
"Phoenix","L.A. Clippers",166,-185,"20170102"
"Minnesota","Charlotte",220,-247,"20150119"
"Philadelphia","Washington",1125,-1650,"20150119"
"Detroit","Atlanta",277,-315,"20150119"
"Boston","L.A. Clippers",865,-1200,"20150119"
"Denver","Golden State",1200,-2000,"20150119"
"Dallas","Memphis",130,-144,"20150119"
"New Orleans","New York",-177,159,"20150119"
"Indiana","Houston",442,-525,"20150119"
"Chicago","Cleveland",175,-195,"20150119"
"Toronto","Milwaukee",102,-112,"20150119"
"L.A. Lakers","Phoenix",498,-600,"20150119"
"Sacramento","Portland",412,-485,"20150119"
"Golden State","Washington",-270,239,"20150224"
"Cleveland","Detroit",-285,252,"20150224"
"Indiana","Oklahoma City",277,-315,"20150224"
"Toronto","Dallas",166,-185,"20150224"
"Portland","Orlando",159,-177,"20151218"
"Brooklyn","Indiana",555,-680,"20151218"
"New York","Philadelphia",-230,205,"20151218"
"Atlanta","Boston",142,-157,"20151218"
"Toronto","Miami",175,-195,"20151218"
"Detroit","Chicago",180,-200,"20151218"
"Sacramento","Minnesota",-138,125,"20151218"
"L.A. Clippers","San Antonio",342,-385,"20151218"
"Memphis","Dallas",104,-115,"20151218"
"Denver","Utah",190,-212,"20151218"
"New Orleans","Phoenix",136,-150,"20151218"
"Milwaukee","Golden State",2352,-6000,"20151218"
"Minnesota","Philadelphia",-237,211,"20160104"
"Toronto","Cleveland",334,-385,"20160104"
"Indiana","Miami",115,-127,"20160104"
"Orlando","Detroit",158,-175,"20160104"
"Boston","Brooklyn",-320,281,"20160104"
"San Antonio","Milwaukee",-535,450,"20160104"
"Sacramento","Oklahoma City",292,-333,"20160104"
"Houston","Utah",-148,134,"20160104"
"Memphis","Portland",-108,-102,"20160104"
"Charlotte","Golden State",736,-950,"20160104"
"Phoenix","Washington",264,-300,"20161121"
"Golden State","Indiana",-2586,1523,"20161121"
"Miami","Philadelphia",-190,171,"20161121"
"Memphis","Charlotte",189,-211,"20161121"
"Houston","Detroit",-135,122,"20161121"
"Orlando","Milwaukee",244,-275,"20161121"
"Boston","Minnesota",-110,-100,"20161121"
"Dallas","San Antonio",1126,-1650,"20161121"
"Toronto","L.A. Clippers",383,-448,"20161121"
"Orlando","Charlotte",244,-275,"20161209"
"Miami","Cleveland",767,-1000,"20161209"
"Toronto","Boston",123,-136,"20161209"
"Atlanta","Milwaukee",137,-152,"20161209"
"Detroit","Minnesota",-160,144,"20161209"
"Houston","Oklahoma City",-114,103,"20161209"
"Indiana","Dallas",-167,151,"20161209"
"New York","Sacramento",201,-225,"20161209"
"Phoenix","L.A. Lakers",105,-116,"20161209"
"Miami","Charlotte",219,-246,"20161229"
"Boston","Cleveland",235,-265,"20161229"
"Oklahoma City","Memphis",-100,-110,"20161229"
"Philadelphia","Utah",1289,-2000,"20161229"
"Toronto","Phoenix",-369,321,"20161229"
"Dallas","L.A. Lakers",160,-178,"20161229"
"Portland","Charlotte",191,-213,"20170118"
"Memphis","Washington",112,-124,"20170118"
"Toronto","Philadelphia",-226,202,"20170118"
"New York","Boston",358,-415,"20170118"
"Orlando","New Orleans",199,-222,"20170118"
"Atlanta","Detroit",-130,118,"20170118"
"Milwaukee","Houston",231,-260,"20170118"
"Indiana","Sacramento",125,-138,"20170118"
"Oklahoma City","Golden State",971,-1350,"20170118"
"Dallas","Philadelphia",-196,176,"20170317"
"Chicago","Washington",285,-325,"20170317"
"Toronto","Detroit",144,-160,"20170317"
"Boston","Brooklyn",-405,350,"20170317"
"Minnesota","Miami",159,-177,"20170317"
"Houston","New Orleans",-260,231,"20170317"
"Orlando","Phoenix",120,-132,"20170317"
"Milwaukee","L.A. Lakers",-320,281,"20170317"
"Detroit","Orlando",-116,105,"20141230"
"Cleveland","Atlanta",256,-290,"20141230"
"San Antonio","Memphis",102,-113,"20141230"
"Brooklyn","Chicago",461,-550,"20141230"
"Phoenix","New Orleans",104,-115,"20141230"
"Washington","Dallas",193,-215,"20141230"
"Minnesota","Utah",256,-290,"20141230"
"L.A. Lakers","Denver",188,-210,"20141230"
"Toronto","Portland",141,-156,"20141230"
"Philadelphia","Golden State",1745,-5393,"20141230"
"Washington","Philadelphia",-444,380,"20160317"
"Toronto","Indiana",107,-118,"20160317"
"Charlotte","Miami",165,-183,"20160317"
"Denver","Atlanta",301,-345,"20160317"
"Memphis","Milwaukee",545,-666,"20160317"
"Brooklyn","Chicago",269,-305,"20160317"
"Portland","San Antonio",638,-800,"20160317"
"Phoenix","Utah",377,-440,"20160317"
"Phoenix","Cleveland",569,-700,"20170119"
"Dallas","Miami",107,-118,"20170119"
"Washington","New York",-113,102,"20170119"
"Denver","San Antonio",736,-950,"20170119"
"Minnesota","L.A. Clippers",-124,112,"20170119"
"Chicago","Orlando",-104,-106,"20170308"
"Charlotte","Miami",153,-170,"20170308"
"Brooklyn","Atlanta",450,-535,"20170308"
"New York","Milwaukee",240,-271,"20170308"
"L.A. Clippers","Minnesota",-163,147,"20170308"
"Toronto","New Orleans",142,-157,"20170308"
"Detroit","Indiana",153,-170,"20170308"
"Utah","Houston",338,-390,"20170308"
"Sacramento","San Antonio",594,-735,"20170308"
"Washington","Denver",-117,106,"20170308"
"Boston","Golden State",304,-348,"20170308"
"Toronto","Indiana",-151,137,"20150127"
"Cleveland","Detroit",-410,354,"20150127"
"Milwaukee","Miami",111,-123,"20150127"
"Memphis","Dallas",225,-253,"20150127"
"Washington","L.A. Lakers",-374,325,"20150127"
"Chicago","Golden State",560,-687,"20150127"
"San Antonio","New York",-2500,1400,"20150317"
"Memphis","Detroit",-188,169,"20150317"
"Milwaukee","New Orleans",264,-300,"20150317"
"Orlando","Houston",569,-700,"20150317"
"Charlotte","L.A. Clippers",498,-600,"20150317"
"Miami","Boston",189,-211,"20160227"
"Minnesota","New Orleans",120,-133,"20160227"
"San Antonio","Houston",-232,207,"20160227"
"Portland","Chicago",-180,162,"20160227"
"Detroit","Milwaukee",104,-115,"20160227"
"Golden State","Oklahoma City",-170,153,"20160227"
"Brooklyn","Utah",688,-875,"20160227"
"Memphis","Phoenix",-295,260,"20160227"
"Oklahoma City","Chicago",-110,100,"20150305"
"Dallas","Portland",137,-152,"20150305"
"Dallas","Philadelphia",-375,326,"20151116"
"Indiana","Chicago",231,-260,"20151116"
"Boston","Houston",175,-195,"20151116"
"Oklahoma City","Memphis",126,-139,"20151116"
"Portland","San Antonio",767,-1000,"20151116"
"L.A. Lakers","Phoenix",604,-750,"20151116"
"Detroit","Philadelphia",-415,358,"20151211"
"Miami","Indiana",171,-190,"20151211"
"Cleveland","Orlando",-152,139,"20151211"
"Golden State","Boston",-195,175,"20151211"
"Milwaukee","Toronto",292,-333,"20151211"
"Washington","New Orleans",158,-175,"20151211"
"Charlotte","Memphis",130,-144,"20151211"
"Oklahoma City","Utah",-156,141,"20151211"
"Minnesota","Denver",-103,-107,"20151211"
"L.A. Lakers","San Antonio",1632,-2900,"20151211"
"Portland","Phoenix",151,-167,"20151211"
"Toronto","Charlotte",-135,122,"20151217"
"Oklahoma City","Cleveland",120,-133,"20151217"
"Houston","L.A. Lakers",-225,201,"20151217"
"Toronto","Washington",186,-208,"20170303"
"New York","Philadelphia",-126,114,"20170303"
"Miami","Orlando",-193,173,"20170303"
"Cleveland","Atlanta",-134,121,"20170303"
"L.A. Clippers","Milwaukee",-206,185,"20170303"
"Memphis","Dallas",-137,124,"20170303"
"Brooklyn","Utah",1000,-1403,"20170303"
"Oklahoma City","Phoenix",-193,173,"20170303"
"San Antonio","New Orleans",-229,205,"20170303"
"Boston","L.A. Lakers",-295,260,"20170303"
"Brooklyn","Indiana",322,-370,"20150321"
"Chicago","Detroit",-143,129,"20150321"
"Portland","Memphis",138,-153,"20150321"
"Phoenix","Houston",269,-306,"20150321"
"Utah","Golden State",408,-480,"20150321"
"Phoenix","Charlotte",916,-1250,"20160301"
"Portland","New York",-185,166,"20160301"
"Chicago","Miami",227,-255,"20160301"
"Orlando","Dallas",161,-179,"20160301"
"Brooklyn","L.A. Lakers",-107,-103,"20160301"
"Atlanta","Golden State",218,-245,"20160301"
"Toronto","Cleveland",218,-245,"20161115"
"Atlanta","Miami",-280,248,"20161115"
"Charlotte","Minnesota",-108,-102,"20161115"
"Chicago","Portland",164,-182,"20161115"
"Brooklyn","L.A. Lakers",273,-310,"20161115"
"Washington","Boston",-175,158,"20141207"
"Denver","Atlanta",218,-245,"20141207"
"Oklahoma City","Detroit",-543,456,"20141207"
"Miami","Memphis",305,-350,"20141207"
"Milwaukee","Dallas",393,-460,"20141207"
"Portland","New York",-270,239,"20141207"
"New Orleans","L.A. Lakers",-143,129,"20141207"
"New Orleans","Oklahoma City",704,-900,"20160211"
"Washington","Milwaukee",104,-115,"20160211"
"San Antonio","L.A. Lakers",-900,704,"20170226"
"Phoenix","Milwaukee",210,-235,"20170226"
"Utah","Washington",120,-133,"20170226"
"Memphis","Denver",106,-117,"20170226"
"Portland","Toronto",195,-218,"20170226"
"Boston","Detroit",-115,104,"20170226"
"New Orleans","Oklahoma City",206,-231,"20170226"
"Charlotte","L.A. Clippers",506,-611,"20170226"
"Cleveland","New York",-4000,1900,"20150222"
"Atlanta","Milwaukee",-203,182,"20150222"
"Washington","Detroit",-130,118,"20150222"
"Philadelphia","Orlando",380,-444,"20150222"
"Golden State","Indiana",-183,165,"20150222"
"Denver","Oklahoma City",338,-390,"20150222"
"Charlotte","Dallas",439,-520,"20150222"
"Memphis","Portland",109,-120,"20150222"
"Boston","L.A. Lakers",-149,135,"20150222"
